"Date","Open","High","Low","Close","Volume","Market Cap"
"27-10-2018",0.014575,0.015199,0.014478,0.014524,5609770,221127388
"26-10-2018",0.014466,0.014729,0.014339,0.014606,2591870,219484042
"25-10-2018",0.014616,0.014667,0.014235,0.01449,3107020,221758311
"24-10-2018",0.01441,0.014948,0.014268,0.014668,4596650,218626218
"23-10-2018",0.014166,0.014718,0.013953,0.014527,4066750,214923466
"22-10-2018",0.014406,0.014425,0.014058,0.014135,2232080,218575194
"21-10-2018",0.014263,0.014666,0.014225,0.014436,2114050,216399878
"20-10-2018",0.014172,0.014391,0.014058,0.014294,1521050,215021416
"19-10-2018",0.014019,0.014296,0.013873,0.0142,2213570,212698101
"18-10-2018",0.014471,0.014561,0.013844,0.013972,2584620,219552277
"17-10-2018",0.014281,0.014707,0.014061,0.014437,3142830,216677436
"16-10-2018",0.01458,0.014682,0.014061,0.014313,2903410,221217015
"15-10-2018",0.013975,0.014968,0.013668,0.014574,5169250,212032997
"14-10-2018",0.014056,0.014376,0.013938,0.013946,2663160,213261963
"13-10-2018",0.014101,0.014448,0.013999,0.014084,2741460,213935616
"12-10-2018",0.01406,0.014596,0.013677,0.014124,3518700,213320137
"11-10-2018",0.016571,0.016571,0.014048,0.014129,6686300,251412996
"10-10-2018",0.015995,0.016667,0.01534,0.016603,6282590,242682653
"09-10-2018",0.016102,0.016229,0.01563,0.016015,4990210,244307926
"08-10-2018",0.015656,0.016497,0.015506,0.016101,7310280,237534321
"07-10-2018",0.01548,0.01566,0.015067,0.015582,4743380,234867065
"06-10-2018",0.015615,0.015945,0.015376,0.01544,5322480,236905884
"05-10-2018",0.015631,0.015915,0.015206,0.015588,5696590,237158262
"04-10-2018",0.014823,0.015856,0.014791,0.015631,5987130,224903956
"03-10-2018",0.015097,0.015329,0.014536,0.014849,5744720,229054250
"02-10-2018",0.016361,0.016551,0.015093,0.015093,8992230,248234117
"01-10-2018",0.015151,0.017202,0.015135,0.01633,21053500,229874658
"30-09-2018",0.01477,0.015694,0.014452,0.015184,6396750,224093594
"29-09-2018",0.014305,0.01496,0.013862,0.014766,3607070,217042261
"28-09-2018",0.014812,0.015056,0.014108,0.014279,3857770,224724433
"27-09-2018",0.013888,0.015022,0.013737,0.014798,3969010,210709515
"26-09-2018",0.013909,0.014307,0.013482,0.013887,2898530,211020829
"25-09-2018",0.014402,0.014439,0.013257,0.01391,4977330,218511467
"24-09-2018",0.015299,0.015398,0.014218,0.014471,8525730,232119099
"23-09-2018",0.014914,0.015863,0.014877,0.015285,8271190,226274251
"22-09-2018",0.01606,0.016183,0.014511,0.01486,5970970,243667324
"21-09-2018",0.014599,0.016277,0.014293,0.015974,14835600,221494234
"20-09-2018",0.013545,0.014658,0.013545,0.014594,8954780,205501200
"19-09-2018",0.01335,0.013706,0.013017,0.013507,5110320,202539742
"18-09-2018",0.01277,0.013439,0.012522,0.013332,4333810,193751762
"17-09-2018",0.013773,0.013921,0.012449,0.012813,4359410,208958978
"16-09-2018",0.01354,0.0138,0.012979,0.013734,2619640,205433291
"15-09-2018",0.013312,0.013539,0.012993,0.013527,3103130,201963417
"14-09-2018",0.013504,0.013588,0.012769,0.013296,4096760,204881185
"13-09-2018",0.0129,0.013954,0.012773,0.013497,5712850,195721499
"12-09-2018",0.012262,0.012935,0.01129,0.012901,4603010,186045739
"11-09-2018",0.012771,0.013004,0.012112,0.012277,3077060,193757457
"10-09-2018",0.012927,0.013465,0.012688,0.01273,3802690,196137292
"09-09-2018",0.012978,0.013651,0.012545,0.012948,3568540,196908004
"08-09-2018",0.013982,0.014413,0.012795,0.012974,3563370,212140132
"07-09-2018",0.014661,0.015021,0.013828,0.013879,4215430,222435256
"06-09-2018",0.014539,0.014719,0.013381,0.014618,6765300,220582799
"05-09-2018",0.018219,0.018603,0.014492,0.014492,9212150,276423171
"04-09-2018",0.018108,0.019701,0.018044,0.018127,11088100,274734793
"03-09-2018",0.018665,0.018752,0.017331,0.018058,12701400,283182929
"02-09-2018",0.017659,0.020023,0.017352,0.018664,27466500,267930044
"01-09-2018",0.014545,0.019112,0.014545,0.017637,27444500,220670364
"31-08-2018",0.014184,0.014592,0.013906,0.01456,5210540,215204076
"30-08-2018",0.014777,0.014873,0.013395,0.014184,6769240,224200347
"29-08-2018",0.015745,0.015773,0.014511,0.014735,7122540,238887928
"28-08-2018",0.014469,0.015867,0.014469,0.0157,7334940,219520357
"27-08-2018",0.013697,0.014476,0.013408,0.014476,5540860,207815867
"26-08-2018",0.013847,0.013887,0.013284,0.013682,6484900,210090447
"25-08-2018",0.013623,0.01397,0.013253,0.013824,5785740,206684031
"24-08-2018",0.012846,0.013741,0.012332,0.013681,6343810,194896372
"23-08-2018",0.012535,0.012893,0.012208,0.012819,4710900,190181961
"22-08-2018",0.01315,0.014214,0.012235,0.012554,3451880,199507011
"21-08-2018",0.013111,0.013705,0.01278,0.013165,2510650,198917758
"20-08-2018",0.014295,0.01467,0.01287,0.013111,2473100,216887296
"19-08-2018",0.01381,0.014525,0.013474,0.014311,2369440,209525991
"18-08-2018",0.015393,0.015713,0.013165,0.0138,4838240,233541675
"17-08-2018",0.011855,0.015402,0.011742,0.015363,12511600,179863352
"16-08-2018",0.011478,0.012097,0.011111,0.011844,2320200,174150098
"15-08-2018",0.011448,0.012445,0.011376,0.011414,2783880,173696535
"14-08-2018",0.011807,0.011807,0.010062,0.011412,3998980,179139452
"13-08-2018",0.013327,0.013644,0.011744,0.011774,2942210,202201990
"12-08-2018",0.013254,0.013605,0.013133,0.013321,1488040,201093017
"11-08-2018",0.014046,0.014091,0.012579,0.013334,3716930,213115434
"10-08-2018",0.015655,0.015923,0.01379,0.013991,2725310,237518099
"09-08-2018",0.015129,0.015964,0.014663,0.015692,3254390,229543152
"08-08-2018",0.017338,0.017338,0.014631,0.015037,5225260,263050269
"07-08-2018",0.018122,0.01898,0.017302,0.017368,3262520,274956211
"06-08-2018",0.019006,0.019384,0.017842,0.018084,3230320,288357204
"05-08-2018",0.018544,0.019042,0.01836,0.018952,2499550,281349095
"04-08-2018",0.019743,0.01995,0.018212,0.018492,3904040,299541805
"03-08-2018",0.020941,0.020941,0.018983,0.019618,7237140,317714817
"02-08-2018",0.022808,0.022894,0.020651,0.021002,8593990,346037711
"01-08-2018",0.024446,0.024691,0.02227,0.02279,13411300,370901131
"31-07-2018",0.024217,0.026438,0.023175,0.023892,39419900,367417607
"30-07-2018",0.023825,0.024954,0.022232,0.024374,9278390,361473439
"29-07-2018",0.023714,0.02412,0.023228,0.023591,3825190,359798432
"28-07-2018",0.023571,0.023921,0.02322,0.0235,4243460,357621248
"27-07-2018",0.023026,0.024211,0.022407,0.023657,6051300,349352480
"26-07-2018",0.024361,0.025557,0.022434,0.023063,7360590,369605696
"25-07-2018",0.023355,0.02551,0.023355,0.024364,11981300,354341056
"24-07-2018",0.022542,0.023938,0.02197,0.023847,10406600,339354368
"23-07-2018",0.022607,0.023594,0.022456,0.022511,6544630,340328416
"22-07-2018",0.02338,0.023888,0.022663,0.022775,3964510,351974400
"21-07-2018",0.022767,0.023899,0.022186,0.023361,4305530,342741600
"20-07-2018",0.0252,0.0252,0.022399,0.022688,7367000,379373280
"19-07-2018",0.026115,0.026272,0.024868,0.025244,7655320,393144960
"18-07-2018",0.026193,0.028051,0.025889,0.026133,11763000,394320704
"17-07-2018",0.024873,0.026593,0.024168,0.026164,7766240,374439968
"16-07-2018",0.02308,0.025105,0.02253,0.024888,6458420,347450592
"15-07-2018",0.021951,0.023314,0.021844,0.023052,3730570,330460288
"14-07-2018",0.021984,0.022295,0.021393,0.021951,3551400,330946560
"13-07-2018",0.021513,0.022626,0.021409,0.022005,5274760,323869536
"12-07-2018",0.022177,0.022321,0.020947,0.021428,3658220,333865568
"11-07-2018",0.021343,0.022574,0.021343,0.022228,4724330,321301248
"10-07-2018",0.0247,0.024748,0.021575,0.021774,6760060,371847616
"09-07-2018",0.025931,0.025931,0.024581,0.024688,6390870,390368960
"08-07-2018",0.026245,0.026543,0.025643,0.025643,7153060,395100512
"07-07-2018",0.024237,0.026352,0.024075,0.02622,6795860,364866912
"06-07-2018",0.024595,0.024783,0.023468,0.02435,7089820,370253376
"05-07-2018",0.026317,0.026698,0.024016,0.024613,8712510,396179904
"04-07-2018",0.025963,0.027392,0.025166,0.026186,8528380,390861216
"03-07-2018",0.027018,0.028065,0.025411,0.026005,12443000,406743520
"02-07-2018",0.024871,0.027998,0.024517,0.027018,17659100,374412864
"01-07-2018",0.023436,0.025911,0.022547,0.025141,10032200,352817472
"30-06-2018",0.022598,0.024079,0.022509,0.023423,8354180,340201952
"29-06-2018",0.021243,0.022815,0.020667,0.022557,4902530,319803360
"28-06-2018",0.022619,0.022885,0.020905,0.020991,5099100,340507040
"27-06-2018",0.022474,0.022799,0.021885,0.022765,5282920,338330912
"26-06-2018",0.023988,0.023988,0.022614,0.022614,4009870,361125920
"25-06-2018",0.023696,0.02476,0.023003,0.023864,5262410,356727520
"24-06-2018",0.024389,0.024389,0.020957,0.023767,7703380,367167008
"23-06-2018",0.024486,0.025037,0.023956,0.024439,4535120,368618464
"22-06-2018",0.028029,0.028254,0.023713,0.024493,9018820,421960992
"21-06-2018",0.029032,0.029687,0.027775,0.027995,6846660,437057536
"20-06-2018",0.030041,0.03015,0.028126,0.029093,8240570,452252864
"19-06-2018",0.02922,0.030389,0.028624,0.029955,9082550,439889696
"18-06-2018",0.027931,0.029801,0.027134,0.029234,6278990,420475488
"17-06-2018",0.028154,0.028511,0.027659,0.028109,4197790,423840800
"16-06-2018",0.028038,0.028536,0.0273,0.028047,4848570,422087296
"15-06-2018",0.030127,0.030368,0.028097,0.028131,6587000,453543968
"14-06-2018",0.027182,0.030939,0.027147,0.030124,19476100,409206560
"13-06-2018",0.027817,0.028315,0.025326,0.027198,10678800,418770656
"12-06-2018",0.03211,0.032133,0.027354,0.027775,12015900,483400256
"11-06-2018",0.031347,0.03258,0.030436,0.032398,10648900,471902112
"10-06-2018",0.036984,0.037482,0.030563,0.031429,13819500,556773312
"09-06-2018",0.039018,0.039535,0.036886,0.036886,7558500,587384064
"08-06-2018",0.03817,0.039614,0.037118,0.03907,11956000,574625536
"07-06-2018",0.03873,0.039548,0.03793,0.038203,8071150,583049792
"06-06-2018",0.039586,0.039737,0.03768,0.038798,9307450,595940224
"05-06-2018",0.039511,0.040305,0.03751,0.03953,11141500,594816896
"04-06-2018",0.042489,0.042771,0.038766,0.039458,12829200,639650368
"03-06-2018",0.040858,0.043595,0.040721,0.042645,16802700,615091712
"02-06-2018",0.038486,0.041521,0.038271,0.040747,12775300,579385216
"01-06-2018",0.03909,0.039612,0.037939,0.038598,8226310,588478656
"31-05-2018",0.037867,0.040071,0.037349,0.039027,13037400,567927552
"30-05-2018",0.03866,0.040328,0.036826,0.037986,12066100,579811904
"29-05-2018",0.035255,0.040076,0.034956,0.038644,17419600,528748576
"28-05-2018",0.039908,0.042304,0.03465,0.035084,21407200,598532352
"27-05-2018",0.039841,0.040356,0.039089,0.040007,7324240,597534080
"26-05-2018",0.041211,0.042397,0.039821,0.039921,8345600,618074688
"25-05-2018",0.04397,0.04451,0.040338,0.041348,12210400,659457344
"24-05-2018",0.040811,0.044599,0.038948,0.043863,23068500,612073152
"23-05-2018",0.046537,0.047233,0.040058,0.040812,27259800,697963520
"22-05-2018",0.054062,0.054368,0.046633,0.047009,28075500,810812480
"21-05-2018",0.056661,0.056691,0.053094,0.053976,15323400,849790720
"20-05-2018",0.0532,0.05724,0.05261,0.0566,17384900,797781696
"19-05-2018",0.053631,0.054214,0.05237,0.053115,10290900,804154048
"18-05-2018",0.051577,0.053948,0.05017,0.053546,17086500,773249344
"17-05-2018",0.056,0.05724,0.050997,0.051586,19058800,839463040
"16-05-2018",0.056456,0.056951,0.052887,0.05608,24775500,846195392
"15-05-2018",0.059552,0.061164,0.055896,0.056543,25425700,892475520
"14-05-2018",0.06211,0.06211,0.057007,0.059589,34654500,930702528
"13-05-2018",0.058205,0.0628,0.057386,0.062113,30804200,872069184
"12-05-2018",0.058583,0.061383,0.053926,0.05845,35868300,877629312
"11-05-2018",0.069423,0.069603,0.057179,0.0586,81002704,1039891840
"10-05-2018",0.075716,0.076765,0.06888,0.06888,54551700,1134010880
"09-05-2018",0.074095,0.077708,0.069194,0.076098,138487008,1109497856
"08-05-2018",0.07561,0.078218,0.071267,0.074241,64021300,1131878912
"07-05-2018",0.075917,0.075969,0.070059,0.075688,46108800,1136163584
"06-05-2018",0.079221,0.079406,0.072662,0.075361,53322000,1185285632
"05-05-2018",0.079732,0.082089,0.078826,0.079136,56057800,1192603008
"04-05-2018",0.079717,0.081581,0.076007,0.079788,97722000,1192062976
"03-05-2018",0.080895,0.084588,0.077628,0.079351,221063008,1209343104
"02-05-2018",0.079294,0.083878,0.078402,0.081137,155715008,1185075840
"01-05-2018",0.076659,0.083676,0.070816,0.079578,341939008,1145393024
"30-04-2018",0.070329,0.081536,0.066687,0.077202,210778000,1050518784
"29-04-2018",0.072663,0.073044,0.067725,0.070492,70503400,1085094912
"28-04-2018",0.067649,0.07308,0.067649,0.072482,70320896,1009937792
"27-04-2018",0.070395,0.074507,0.067597,0.067597,135394000,1050641856
"26-04-2018",0.06202,0.071325,0.060222,0.070743,150792992,925403136
"25-04-2018",0.068695,0.068794,0.058894,0.061044,121052000,1024716032
"24-04-2018",0.068792,0.069754,0.066705,0.068623,129563000,1025877568
"23-04-2018",0.068311,0.070098,0.068208,0.068823,53435700,1018435200
"22-04-2018",0.068257,0.072568,0.066999,0.068507,70515904,1017353088
"21-04-2018",0.069287,0.072222,0.065468,0.068577,97885800,1032423616
"20-04-2018",0.07249,0.073874,0.067336,0.069369,157170000,1079852800
"19-04-2018",0.0655,0.076174,0.060343,0.073157,429110016,975453312
"18-04-2018",0.07128,0.07816,0.063913,0.064996,324102016,1061240768
"17-04-2018",0.092902,0.115966,0.069364,0.073001,1358310016,1382787200
"16-04-2018",0.09057,0.097851,0.079468,0.094058,243408992,1347720448
"15-04-2018",0.086678,0.094045,0.085679,0.090828,131901000,1289447296
"14-04-2018",0.091795,0.097612,0.082488,0.086951,143996992,1365186304
"13-04-2018",0.09,0.100342,0.088386,0.091562,157946000,1338131328
"12-04-2018",0.083121,0.094467,0.080839,0.090361,180372000,1235516544
"11-04-2018",0.083573,0.086088,0.07915,0.082343,156412000,1241892992
"10-04-2018",0.077388,0.09061,0.07594,0.08413,445879008,1149665024
"09-04-2018",0.067728,0.078112,0.066787,0.078112,193835008,1005890816
"08-04-2018",0.064303,0.068644,0.061784,0.067757,64043900,954747264
"07-04-2018",0.058715,0.067753,0.058466,0.064449,120038000,871547008
"06-04-2018",0.054386,0.059661,0.052576,0.058483,75422496,806292352
"05-04-2018",0.057311,0.062879,0.050125,0.054932,174590000,848164032
"04-04-2018",0.070133,0.071391,0.056322,0.056866,175828992,1037352256
"03-04-2018",0.047869,0.076481,0.047869,0.071145,352601984,707852672
"02-04-2018",0.043885,0.048372,0.042516,0.047822,46758500,648765376
"01-04-2018",0.038902,0.046525,0.038005,0.043729,71479296,574927296
"31-03-2018",0.035998,0.040617,0.035941,0.038975,26716800,531869024
"30-03-2018",0.036743,0.037954,0.033958,0.035945,15139700,542732224
"29-03-2018",0.042066,0.042516,0.036156,0.036915,37122800,621180800
"28-03-2018",0.039952,0.043453,0.039237,0.041806,29638700,589805504
"27-03-2018",0.045505,0.054977,0.039841,0.039978,180360992,671591040
"26-03-2018",0.040831,0.046922,0.035033,0.044531,65555900,602453760
"25-03-2018",0.044403,0.044403,0.039587,0.040702,31131800,654973952
"24-03-2018",0.038876,0.048593,0.038624,0.044792,77655800,573289600
"23-03-2018",0.03868,0.040045,0.034653,0.038361,54250800,570231424
"22-03-2018",0.033559,0.041068,0.030641,0.039266,46181500,494600576
"21-03-2018",0.034894,0.036593,0.032496,0.033628,10398000,514134528
"20-03-2018",0.031634,0.035473,0.030078,0.03481,11984800,465979872
"19-03-2018",0.029721,0.031761,0.028708,0.031449,9011470,437676320
"18-03-2018",0.028406,0.03032,0.023956,0.02951,9843710,418196448
"17-03-2018",0.033076,0.03308,0.02807,0.028408,6718990,486804864
"16-03-2018",0.031614,0.034847,0.030283,0.032892,14059300,465157312
"15-03-2018",0.031363,0.031776,0.027721,0.031201,9724440,461338784
"14-03-2018",0.03616,0.037727,0.030236,0.031378,8475110,531761856
"13-03-2018",0.037394,0.038808,0.035825,0.036173,6449030,549754880
"12-03-2018",0.039078,0.040894,0.035862,0.037688,8081210,574352832
"11-03-2018",0.036216,0.039858,0.034626,0.039274,7920510,532267744
"10-03-2018",0.039218,0.042399,0.035577,0.036487,11953300,576082816
"09-03-2018",0.038541,0.039392,0.032264,0.039227,13440500,565992320
"08-03-2018",0.043104,0.043716,0.038421,0.038908,10226700,632812864
"07-03-2018",0.049088,0.051381,0.038952,0.043275,23510800,720478976
"06-03-2018",0.054755,0.054755,0.048673,0.049115,12829900,803431936
"05-03-2018",0.056107,0.057071,0.054316,0.05443,14381500,823027840
"04-03-2018",0.055704,0.057338,0.05396,0.056533,13547200,816889856
"03-03-2018",0.059608,0.059868,0.055483,0.055918,18436600,873904256
"02-03-2018",0.05889,0.064675,0.058359,0.05996,52483700,863144384
"01-03-2018",0.053702,0.065946,0.052975,0.058374,72097200,786876800
"28-02-2018",0.060107,0.062274,0.053547,0.053547,18267000,880479936
"27-02-2018",0.061082,0.062182,0.058398,0.060123,17610400,894522688
"26-02-2018",0.058429,0.062961,0.056356,0.060978,16848800,855437376
"25-02-2018",0.057265,0.06023,0.05553,0.058435,20605800,838162880
"24-02-2018",0.061316,0.066668,0.055592,0.057184,15957400,897200448
"23-02-2018",0.059073,0.065071,0.05615,0.061565,26140000,864132800
"22-02-2018",0.064739,0.069385,0.057828,0.059129,28040700,946757888
"21-02-2018",0.069946,0.075561,0.062879,0.065142,40620700,1022617984
"20-02-2018",0.082414,0.083053,0.068712,0.069615,58246300,1204575232
"19-02-2018",0.075447,0.085902,0.075447,0.082269,86298800,1102438912
"18-02-2018",0.089199,0.089199,0.074366,0.07566,111774000,1303035776
"17-02-2018",0.068229,0.091904,0.066564,0.089996,349131008,1009220736
"16-02-2018",0.059213,0.071386,0.058913,0.06906,48604700,875593024
"15-02-2018",0.05857,0.060103,0.05596,0.059384,19776800,865811136
"14-02-2018",0.052964,0.059002,0.052867,0.058619,18815500,772899776
"13-02-2018",0.055966,0.056378,0.051595,0.053203,10987200,816477376
"12-02-2018",0.051609,0.057312,0.051607,0.056021,13958900,752690240
"11-02-2018",0.056624,0.056624,0.04886,0.051087,15679700,825598592
"10-02-2018",0.057698,0.064967,0.053245,0.05694,40634900,841022656
"09-02-2018",0.052246,0.058311,0.049136,0.058098,14679200,761342656
"08-02-2018",0.047908,0.055726,0.047908,0.052262,22484500,697936192
"07-02-2018",0.051515,0.058281,0.045923,0.047986,25558100,750268672
"06-02-2018",0.043242,0.053267,0.033773,0.052022,39727000,629593856
"05-02-2018",0.053833,0.055231,0.039145,0.042611,23695200,783589312
"04-02-2018",0.064838,0.067106,0.050717,0.054084,28513800,943516864
"03-02-2018",0.054481,0.068427,0.049717,0.064728,49307900,792569792
"02-02-2018",0.058316,0.058682,0.039393,0.054196,46633700,848116992
"01-02-2018",0.069766,0.075208,0.053619,0.058034,39407700,1014359488
"31-01-2018",0.068903,0.071016,0.063568,0.069787,27155800,1001537472
"30-01-2018",0.085387,0.085651,0.066962,0.068408,43002700,1240787328
"29-01-2018",0.09159,0.092057,0.084012,0.084969,32948000,1330541952
"28-01-2018",0.0945,0.095058,0.090789,0.09187,47936600,1372428800
"27-01-2018",0.087927,0.096731,0.084198,0.094201,47387500,1276619648
"26-01-2018",0.089551,0.094452,0.079004,0.088158,64874700,1299825792
"25-01-2018",0.094816,0.097603,0.088849,0.090185,45742100,1375861376
"24-01-2018",0.093213,0.099223,0.091843,0.093469,56160000,1352210944
"23-01-2018",0.094389,0.098701,0.083965,0.093314,48633200,1368892672
"22-01-2018",0.104893,0.10819,0.084902,0.094569,74751104,1520800896
"21-01-2018",0.109132,0.130689,0.09919,0.104146,211031008,1609418880
"20-01-2018",0.107536,0.113319,0.105073,0.109218,87648704,1579206528
"19-01-2018",0.112719,0.12275,0.102033,0.107126,105534000,1654654592
"18-01-2018",0.091741,0.1272,0.090101,0.114099,253007008,1346227840
"17-01-2018",0.084451,0.099422,0.060062,0.090778,147975008,1231518848
"16-01-2018",0.115621,0.121253,0.062195,0.08524,176634000,1685600000
"15-01-2018",0.137658,0.146089,0.116516,0.116516,132872000,2006305152
"14-01-2018",0.156392,0.156392,0.13402,0.138224,77869600,2277917440
"13-01-2018",0.159047,0.164209,0.151071,0.156725,111856000,2311320064
"12-01-2018",0.143948,0.170423,0.137836,0.158981,144104000,2091307136
"11-01-2018",0.169438,0.172859,0.132569,0.14427,187560000,2460936960
"10-01-2018",0.194296,0.194296,0.155677,0.168637,264043008,2821193472
"09-01-2018",0.177253,0.240605,0.174258,0.196059,787881024,2573021696
"08-01-2018",0.1806,0.208132,0.147099,0.178385,430047008,2620877568
"07-01-2018",0.175244,0.194392,0.170287,0.181957,252851008,2542480128
"06-01-2018",0.180864,0.186502,0.163956,0.174183,290822016,2623239680
"05-01-2018",0.159472,0.199077,0.148423,0.181114,544342016,2312325120
"04-01-2018",0.145384,0.197573,0.138022,0.159184,677836032,2107466496
"03-01-2018",0.144876,0.1622,0.133645,0.145221,354872992,2089654272
"02-01-2018",0.157163,0.16506,0.132691,0.144905,451025984,2266238720
"01-01-2018",0.221716,0.223719,0.140798,0.156131,816280000,3195982592
"31-12-2017",0.141174,0.238015,0.14081,0.2226,920812992,2034407296
"30-12-2017",0.160416,0.160416,0.131505,0.142088,236380992,2311050496
"29-12-2017",0.16803,0.173128,0.13799,0.160679,328948992,2420059392
"28-12-2017",0.138123,0.166278,0.114907,0.165906,580884992,1988769920
"27-12-2017",0.197493,0.210003,0.136031,0.138199,393268992,2842817536
"26-12-2017",0.175387,0.206501,0.146588,0.200425,745294016,2523884032
"25-12-2017",0.258386,0.258386,0.133723,0.162262,457609984,3737566464
"24-12-2017",0.224923,0.279563,0.215083,0.255441,478059008,3253517568
"23-12-2017",0.125615,0.300588,0.122988,0.2144,972486976,1815571584
"22-12-2017",0.128681,0.13992,0.069166,0.124868,295942016,1859412736
"21-12-2017",0.144295,0.161849,0.105101,0.12832,374103008,2079902080
"20-12-2017",0.07877,0.1637,0.06331,0.143051,981665024,1135059456
"19-12-2017",0.059601,0.079966,0.058949,0.07831,200742000,858593536
"18-12-2017",0.052265,0.060436,0.048062,0.059563,157484992,752705280
"17-12-2017",0.041717,0.090036,0.041717,0.052139,591388992,600370048
"16-12-2017",0.018721,0.046954,0.018721,0.040697,254115008,269341408
"15-12-2017",0.019239,0.020249,0.01496,0.018863,46278500,276717824
"14-12-2017",0.014517,0.020732,0.013085,0.019107,85882096,208747008
"13-12-2017",0.009203,0.016603,0.00896,0.014829,36652000,132293936
"12-12-2017",0.008905,0.009516,0.008588,0.00933,5287600,127979480
"11-12-2017",0.008212,0.009273,0.008168,0.008766,4143160,117988288
"10-12-2017",0.008712,0.008712,0.007423,0.008294,3091980,125142880
"09-12-2017",0.008916,0.009633,0.008002,0.008588,3849740,128030792
"08-12-2017",0.008677,0.00915,0.007607,0.008793,5311020,124572144
"07-12-2017",0.007868,0.008847,0.007628,0.008828,7877410,112921960
"06-12-2017",0.007618,0.008063,0.007106,0.007999,6034820,109315904
"05-12-2017",0.007919,0.008584,0.007314,0.007733,6136980,113600664
"04-12-2017",0.006855,0.008185,0.006656,0.007803,7735120,98308256
"03-12-2017",0.006136,0.007735,0.005979,0.006723,5592120,87978224
"02-12-2017",0.006202,0.006391,0.005749,0.00614,2385550,88894968
"01-12-2017",0.005513,0.006246,0.005363,0.006196,1803340,79002520
"30-11-2017",0.005435,0.006072,0.004783,0.005612,2238420,77867544
"29-11-2017",0.006324,0.006513,0.005035,0.005435,3923970,90568816
"28-11-2017",0.00662,0.00671,0.006257,0.00633,3405020,94785360
"27-11-2017",0.006899,0.007084,0.006479,0.006534,5292330,98756168
"26-11-2017",0.005764,0.006859,0.005605,0.006802,3279390,82482224
"25-11-2017",0.005347,0.005656,0.005321,0.005604,1972920,76502976
"24-11-2017",0.005378,0.005459,0.005093,0.00543,1937470,76925456
"23-11-2017",0.005754,0.00577,0.005043,0.005385,4320440,82272688
"22-11-2017",0.006,0.00608,0.005494,0.005755,3124250,85767336
"21-11-2017",0.005764,0.006086,0.00546,0.006059,2561260,82376792
"20-11-2017",0.00612,0.006253,0.005693,0.005693,3703680,87439296
"19-11-2017",0.006083,0.006616,0.005948,0.006125,3189610,86881504
"18-11-2017",0.006083,0.006383,0.005904,0.006091,1926720,86867232
"17-11-2017",0.00636,0.006633,0.005983,0.0061,2212420,90788696
"16-11-2017",0.006638,0.006644,0.006297,0.00637,2973370,94741312
"15-11-2017",0.006215,0.006726,0.00616,0.006539,3029220,88670664
"14-11-2017",0.006143,0.006292,0.00593,0.006213,2045030,87615800
"13-11-2017",0.005402,0.006404,0.005402,0.006124,2525080,77032776
"12-11-2017",0.006228,0.006228,0.004982,0.005454,4172140,88791192
"11-11-2017",0.006444,0.006801,0.006068,0.006238,2749640,91621320
"10-11-2017",0.007485,0.007717,0.006004,0.006466,3987030,106391016
"09-11-2017",0.007911,0.007963,0.00736,0.007463,4518290,112417328
"08-11-2017",0.007399,0.008185,0.006819,0.007851,10436000,105112424
"07-11-2017",0.007876,0.008613,0.006899,0.007485,13530400,111852136
"06-11-2017",0.008517,0.00978,0.007915,0.007915,15782700,120923544
"05-11-2017",0.007701,0.009003,0.007337,0.00847,9120990,109309080
"04-11-2017",0.00711,0.007957,0.007038,0.007716,9060670,100900072
"03-11-2017",0.005906,0.007197,0.005877,0.007115,5205730,83780392
"02-11-2017",0.0062,0.006409,0.005556,0.005913,4871020,87938248
"01-11-2017",0.007036,0.007036,0.006102,0.006258,7702290,99766408
"31-10-2017",0.005599,0.00759,0.005349,0.007157,13949100,79367768
"30-10-2017",0.005174,0.006036,0.005174,0.005654,2412710,73320192
"29-10-2017",0.005268,0.005483,0.005098,0.005262,1629090,74631192
"28-10-2017",0.00536,0.00569,0.005184,0.005275,1735710,75914408
"27-10-2017",0.005181,0.005425,0.004934,0.005345,1462990,73367848
"26-10-2017",0.005282,0.00555,0.005045,0.005183,1917420,74772744
"25-10-2017",0.005794,0.005808,0.00509,0.005393,2534310,81999208
"24-10-2017",0.004628,0.006535,0.004526,0.005794,7556820,65478440
"23-10-2017",0.004673,0.004807,0.004244,0.004639,1534870,66087116
"22-10-2017",0.004807,0.005027,0.004569,0.004736,1443660,67971536
"21-10-2017",0.004449,0.005062,0.004096,0.004749,1853300,62890496
"20-10-2017",0.004907,0.00501,0.004421,0.004459,1796240,69348800
"19-10-2017",0.005033,0.005134,0.004841,0.004905,1339100,71109096
"18-10-2017",0.004873,0.005101,0.004633,0.005028,1718860,68819672
"17-10-2017",0.005154,0.005216,0.004791,0.004905,1735700,72768136
"16-10-2017",0.005463,0.00547,0.004879,0.005153,1973510,77113968
"15-10-2017",0.00504,0.00618,0.00504,0.005463,3050630,71122464
"14-10-2017",0.005252,0.005622,0.004769,0.005141,1693140,74096696
"13-10-2017",0.005128,0.005589,0.004806,0.005251,2696760,72330424
"12-10-2017",0.005652,0.005781,0.005139,0.005163,2282270,79670592
"11-10-2017",0.005538,0.005984,0.005503,0.005643,1808680,78053744
"10-10-2017",0.005651,0.005752,0.005319,0.005538,1513390,75773240
"09-10-2017",0.005287,0.006046,0.005129,0.00569,3109910,70901992
"08-10-2017",0.006429,0.006473,0.004982,0.005322,3011250,86214216
"07-10-2017",0.006638,0.006905,0.006234,0.006411,2094690,89013504
"06-10-2017",0.006261,0.006633,0.005982,0.006633,1983040,83960656
"05-10-2017",0.006354,0.006402,0.006002,0.006261,1451030,85202584
"04-10-2017",0.00677,0.006814,0.006209,0.006353,1636230,90788008
"03-10-2017",0.007188,0.00728,0.006549,0.006685,2317670,96383312
"02-10-2017",0.00712,0.008139,0.00712,0.00726,8516350,95480424
"01-10-2017",0.006952,0.00721,0.006778,0.00721,2119090,93219328
"30-09-2017",0.0068,0.007061,0.006648,0.006948,1561510,91190160
"29-09-2017",0.006458,0.007048,0.005991,0.006799,5710560,86593248
"28-09-2017",0.006394,0.006562,0.006051,0.006504,2130920,85745208
"27-09-2017",0.006259,0.006519,0.006127,0.006354,1974780,83933792
"26-09-2017",0.006019,0.006361,0.005914,0.006239,1797350,80709176
"25-09-2017",0.005802,0.006141,0.005618,0.006058,1642540,77804280
"24-09-2017",0.005568,0.006022,0.00529,0.005772,1723480,74660928
"23-09-2017",0.005339,0.0056,0.005236,0.005568,849756,71592328
"22-09-2017",0.005504,0.005855,0.004987,0.005389,1636200,73801112
"21-09-2017",0.00632,0.006424,0.00531,0.005474,2531690,84751632
"20-09-2017",0.006339,0.006651,0.006268,0.006352,1712170,85007120
"19-09-2017",0.006525,0.00689,0.006108,0.00631,2735370,87494728
"18-09-2017",0.005912,0.006572,0.005873,0.006548,2127450,79276376
"17-09-2017",0.005905,0.006152,0.005385,0.005924,2152950,79186240
"16-09-2017",0.005267,0.006628,0.00521,0.005909,4272440,70624864
"15-09-2017",0.004673,0.005604,0.003166,0.005318,7011850,62663256
"14-09-2017",0.006358,0.00652,0.004644,0.0047,3234950,85254224
"13-09-2017",0.007018,0.007028,0.005525,0.006433,5005870,94104032
"12-09-2017",0.007585,0.007934,0.006811,0.007003,6703720,101713040
"11-09-2017",0.007948,0.008172,0.007356,0.007578,6125920,106575464
"10-09-2017",0.006886,0.008321,0.006665,0.007962,11644000,92331064
"09-09-2017",0.00684,0.007106,0.006603,0.006945,2019310,91718152
"08-09-2017",0.007368,0.007875,0.006439,0.006869,5065190,98805960
"07-09-2017",0.007761,0.007807,0.007068,0.007367,5787040,104076728
"06-09-2017",0.00672,0.007867,0.00672,0.007867,9241650,90108216
"05-09-2017",0.005856,0.00779,0.005227,0.006843,22165900,78525000
"04-09-2017",0.005726,0.006264,0.004751,0.005827,8473250,76788432
"03-09-2017",0.004934,0.006284,0.004934,0.005725,6188560,66162848
"02-09-2017",0.005317,0.005626,0.00487,0.004931,4094770,71300256
"01-09-2017",0.006396,0.006552,0.004953,0.005311,12679900,85762096
"31-08-2017",0.005125,0.007056,0.004758,0.006395,26598600,68723736
"30-08-2017",0.003537,0.005179,0.00348,0.005088,5788700,47431780
"29-08-2017",0.003599,0.003785,0.003362,0.003541,2833480,48255248
"28-08-2017",0.003088,0.003883,0.003041,0.003593,5973380,41406848
"27-08-2017",0.002475,0.003961,0.002391,0.003219,7841390,33182022
"26-08-2017",0.002271,0.002497,0.002146,0.002433,838230,30452834
"25-08-2017",0.002338,0.002413,0.002158,0.002227,733213,31349038
"24-08-2017",0.002278,0.002634,0.002241,0.002342,2214120,30544182
"23-08-2017",0.002084,0.002316,0.00196,0.002237,943903,27949012
"22-08-2017",0.002042,0.002123,0.001848,0.002089,670162,27376734
"21-08-2017",0.00211,0.002236,0.002003,0.002037,737684,28294446
"20-08-2017",0.002073,0.002394,0.001992,0.002118,1138590,27796206
"19-08-2017",0.002054,0.002126,0.00189,0.002041,766239,27544458
"18-08-2017",0.002482,0.002493,0.001866,0.002056,2105590,33289068
"17-08-2017",0.002502,0.002602,0.002282,0.00249,1649550,33553044
"16-08-2017",0.002658,0.002873,0.002319,0.002505,3085850,35648648
"15-08-2017",0.001947,0.003347,0.001825,0.002614,5654350,26109792
"14-08-2017",0.002356,0.002494,0.00183,0.001899,1663070,31594184
"13-08-2017",0.002824,0.002871,0.002151,0.002354,1979240,37874516
"12-08-2017",0.002374,0.002949,0.002374,0.002865,2235980,31834908
"11-08-2017",0.002596,0.002877,0.002353,0.002448,2907700,34807208
"10-08-2017",0.003143,0.003193,0.002437,0.002596,2983320,42143064
"09-08-2017",0.003316,0.003407,0.003105,0.003109,915199,44469088
"08-08-2017",0.003358,0.003554,0.003162,0.003352,1278610,45030096
"07-08-2017",0.00335,0.003517,0.003255,0.003355,1262230,44917032
"06-08-2017",0.003386,0.003484,0.003304,0.003357,780766,45399208
"05-08-2017",0.003055,0.003522,0.003035,0.003353,969930,40961312
"04-08-2017",0.002982,0.003098,0.002944,0.003084,731566,39986964
"03-08-2017",0.002974,0.003047,0.002875,0.002983,677314,39883208
"02-08-2017",0.003056,0.003227,0.002813,0.002969,1315040,40984444
"01-08-2017",0.003034,0.003263,0.002729,0.003057,1416960,40683996
"31-07-2017",0.002933,0.003031,0.002802,0.003031,574812,39329356
"30-07-2017",0.002963,0.003023,0.002784,0.002957,381432,39726424
"29-07-2017",0.002837,0.002997,0.002708,0.002936,442952,38048980
"28-07-2017",0.002955,0.002993,0.00274,0.002848,765866,39625100
"27-07-2017",0.002853,0.003014,0.002811,0.00295,403387,38258764
"26-07-2017",0.002918,0.003021,0.002692,0.00282,527499,39132236
"25-07-2017",0.003447,0.003471,0.002674,0.002917,1565000,46225120
"24-07-2017",0.003382,0.003458,0.003168,0.003393,1085000,45356088
"23-07-2017",0.003453,0.003563,0.003117,0.00336,1018840,46299668
"22-07-2017",0.003041,0.003571,0.00301,0.003425,1320850,40773852
"21-07-2017",0.003285,0.003311,0.00291,0.003094,693310,44051844
"20-07-2017",0.002549,0.003393,0.002549,0.003261,846866,34181068
"19-07-2017",0.002763,0.003037,0.002459,0.002602,1212590,37051752
"18-07-2017",0.002423,0.0031,0.002326,0.002782,2506900,32491964
"17-07-2017",0.001999,0.002443,0.001963,0.00244,762260,26803138
"16-07-2017",0.002123,0.002209,0.001802,0.001982,485807,28467006
"15-07-2017",0.002351,0.002359,0.00207,0.00211,544098,31520540
"14-07-2017",0.002645,0.002655,0.002171,0.002355,1111590,35467356
"13-07-2017",0.002838,0.003103,0.002461,0.002647,1646540,38058960
"12-07-2017",0.002445,0.002848,0.002265,0.002836,1534480,32786194
"11-07-2017",0.002693,0.002912,0.00204,0.002434,2440680,36105432
"10-07-2017",0.003658,0.003683,0.002522,0.002722,1962190,49055136
"09-07-2017",0.0039,0.003938,0.003567,0.003651,1054260,52298572
"08-07-2017",0.003428,0.004013,0.003356,0.003922,2247740,45961596
"07-07-2017",0.004703,0.004816,0.003371,0.003425,5351120,63070820
"06-07-2017",0.003798,0.004766,0.003712,0.004726,7349140,50925216
"05-07-2017",0.003367,0.003858,0.003257,0.003796,2090620,45145068
"04-07-2017",0.003323,0.003516,0.003264,0.003421,1103310,44555496
"03-07-2017",0.002938,0.003526,0.002868,0.003381,1932330,39390404
"02-07-2017",0.002792,0.002931,0.002668,0.002924,619352,37444628
"01-07-2017",0.002796,0.002986,0.002721,0.002816,812102,37492160
"30-06-2017",0.002963,0.002998,0.00279,0.002797,633698,39728676
"29-06-2017",0.003012,0.003099,0.002831,0.002957,684886,40390736
"28-06-2017",0.002906,0.003196,0.002797,0.00304,820351,38963436
"27-06-2017",0.003045,0.003152,0.002408,0.002912,999769,40828016
"26-06-2017",0.003274,0.003414,0.002447,0.003045,1461240,43907744
"25-06-2017",0.003412,0.003564,0.003207,0.003301,1132360,45747428
"24-06-2017",0.003955,0.004009,0.003251,0.003394,1693570,53032152
"23-06-2017",0.003023,0.004215,0.0029,0.003929,3734860,40533732
"22-06-2017",0.002974,0.003097,0.002899,0.003023,852256,39873572
"21-06-2017",0.003125,0.003223,0.002902,0.002924,1116030,41899500
"20-06-2017",0.0031,0.003472,0.003049,0.003149,1806690,41563300
"19-06-2017",0.003448,0.003721,0.003098,0.003124,2773170,46231600
"18-06-2017",0.003698,0.003846,0.003423,0.003448,1196600,49585700
"17-06-2017",0.003872,0.003947,0.003673,0.003723,1508930,51920800
"16-06-2017",0.003427,0.003996,0.003244,0.003822,2259480,45956400
"15-06-2017",0.003489,0.003539,0.002598,0.003382,2239750,46790300
"14-06-2017",0.004603,0.004603,0.003267,0.003465,3673820,61725700
"13-06-2017",0.003196,0.00458,0.002999,0.004579,5535710,42861400
"12-06-2017",0.003866,0.003871,0.002896,0.003233,2788730,51844100
"11-06-2017",0.003875,0.004252,0.002884,0.003871,4775940,51962600
"10-06-2017",0.005116,0.005227,0.003717,0.00382,4407810,68601296
"09-06-2017",0.004849,0.005479,0.00474,0.00508,3794400,65027900
"08-06-2017",0.005192,0.005307,0.004495,0.004828,4854810,69624400
"07-06-2017",0.006506,0.006506,0.004839,0.005113,6484760,87246896
"06-06-2017",0.005394,0.006486,0.004405,0.006476,12489700,72326800
"05-06-2017",0.004505,0.006295,0.004346,0.005538,16845600,60411500
"04-06-2017",0.002839,0.00473,0.002456,0.004455,12418000,38073400
"03-06-2017",0.001584,0.003237,0.001531,0.002797,5156840,21237400
"02-06-2017",0.001152,0.001803,0.001085,0.001609,3449880,15448400
"01-06-2017",0.000868,0.001238,0.000811,0.001175,1061320,11641300
"31-05-2017",0.000745,0.00087,0.00073,0.000867,438933,9987350
"30-05-2017",0.000889,0.000949,0.000742,0.000742,548715,11915200
"29-05-2017",0.000933,0.000939,0.000837,0.000888,437332,12511000
"28-05-2017",0.000839,0.001066,0.000796,0.000935,592817,11254600
"27-05-2017",0.001051,0.001105,0.000639,0.000834,902966,14098300
"26-05-2017",0.001121,0.001369,0.000973,0.001026,1045830,15037100
"25-05-2017",0.00146,0.00162,0.001136,0.001153,2124070,19583200
"24-05-2017",0.001175,0.001688,0.001075,0.001536,3132970,15758400
"23-05-2017",0.000948,0.001285,0.000802,0.001219,2262820,12712600
"22-05-2017",0.000957,0.00147,0.000734,0.000907,5242510,12837800
"21-05-2017",0.000368,0.000974,0.000326,0.000974,2587680,4936910
"20-05-2017",0.000392,0.000418,0.000336,0.000368,491970,5257290
"19-05-2017",0.000245,0.000485,0.000245,0.000373,1446320,3287510
"18-05-2017",0.000163,0.000302,0.000145,0.000245,545512,2181100
"17-05-2017",0.000139,0.00017,0.00012,0.000163,68910,1865150
"16-05-2017",0.00014,0.000154,0.000121,0.000139,30949,1871060
"15-05-2017",0.000161,0.000282,0.000132,0.00014,23049,2156810
"14-05-2017",0.000125,0.000163,0.000125,0.000161,17914,1673540
"13-05-2017",0.000136,0.000171,0.00012,0.000124,33434,1823470
"12-05-2017",0.000146,0.000198,0.000135,0.000136,91463,1963620
"11-05-2017",0.000106,0.00019,0.000105,0.000146,106379,1416870
"10-05-2017",8.8e-05,0.000124,7.1e-05,0.000123,56012,1179190
"09-05-2017",0.000102,0.000105,7.1e-05,8.8e-05,13946,1372810
"08-05-2017",8e-05,0.000102,6.5e-05,8.7e-05,14375,1071100
"07-05-2017",8e-05,9.5e-05,6.4e-05,8e-05,16508,1068780
"06-05-2017",7.8e-05,9.4e-05,7.7e-05,8e-05,10393,1043520
"05-05-2017",7.7e-05,9.4e-05,6.2e-05,7.8e-05,29354,1029780
"04-05-2017",7.5e-05,9e-05,6e-05,7.7e-05,27851,1010160
"03-05-2017",8.7e-05,9e-05,6.1e-05,7.5e-05,13225,1171800
"02-05-2017",7.2e-05,8.8e-05,5.9e-05,7.5e-05,12046,959990
"01-05-2017",8.1e-05,9.7e-05,6.8e-05,7.2e-05,9894,1086550
"30-04-2017",7.9e-05,9.4e-05,6.6e-05,8.1e-05,16459,1063510
"29-04-2017",9.2e-05,9.3e-05,7.9e-05,7.9e-05,11141,1228670
"28-04-2017",7.9e-05,9.3e-05,7.8e-05,7.9e-05,5968,1062070
"27-04-2017",8.9e-05,0.000102,7.8e-05,7.9e-05,10695,1199870
"26-04-2017",8.9e-05,0.000104,7.6e-05,7.7e-05,8116,1190790
"25-04-2017",9.9e-05,0.000102,7.6e-05,8.9e-05,16737,1328240
"24-04-2017",9.7e-05,0.00011,8.5e-05,8.8e-05,14162,1297280
"23-04-2017",8.6e-05,0.000109,8.5e-05,9.7e-05,22293,1156360
"22-04-2017",7.4e-05,9.9e-05,7.3e-05,8.6e-05,27041,986348
"21-04-2017",8.7e-05,9.9e-05,7.3e-05,7.3e-05,22923,1172260
"20-04-2017",0.000109,0.000113,8.7e-05,9.9e-05,36772,1459020
"19-04-2017",9.7e-05,0.000121,7.3e-05,0.000109,53864,1305800
"18-04-2017",0.000108,0.000121,8.6e-05,9.7e-05,45348,1444560
"17-04-2017",0.00013,0.000141,0.000108,0.000108,93560,1739180
"16-04-2017",0.000115,0.000176,0.000104,0.00013,190486,1547430
"15-04-2017",8.1e-05,0.000106,7e-05,0.000105,64472,1087450
"14-04-2017",4.7e-05,8.2e-05,4.7e-05,8.1e-05,38835,627748
"13-04-2017",6e-05,6e-05,4.6e-05,4.7e-05,4002,803962
"12-04-2017",6e-05,7.2e-05,4.8e-05,6e-05,8396,769853
"11-04-2017",4.7e-05,7.2e-05,4.7e-05,6e-05,12849,607681
"10-04-2017",4.7e-05,5.9e-05,3.5e-05,4.7e-05,4472,607283
"09-04-2017",4.7e-05,4.8e-05,3.5e-05,4.7e-05,4320,600216
"08-04-2017",4.7e-05,5.9e-05,4.6e-05,4.7e-05,1570,601052
"07-04-2017",5.9e-05,5.9e-05,4.7e-05,4.7e-05,2566,752932
"06-04-2017",4.5e-05,5.9e-05,3.4e-05,5.9e-05,5709,575903
"05-04-2017",4.5e-05,5.7e-05,3.4e-05,4.5e-05,3508,579499
"04-04-2017",4.6e-05,5.8e-05,3.4e-05,4.5e-05,5269,587608
"03-04-2017",4.4e-05,5.7e-05,3.4e-05,4.6e-05,9091,565676
"02-04-2017",5.4e-05,5.4e-05,3.2e-05,4.4e-05,3778,684551
"01-04-2017",4.3e-05,5.4e-05,3.2e-05,5.4e-05,2805,547029
"31-03-2017",4.1e-05,5.3e-05,3.1e-05,4.3e-05,8038,524939
"30-03-2017",5e-05,5.2e-05,3.1e-05,4.1e-05,13082,639471
"29-03-2017",3.1e-05,5.9e-05,3e-05,5e-05,33895,401401
"28-03-2017",3.1e-05,4.2e-05,2.1e-05,3.1e-05,10556,396147
"27-03-2017",2.9e-05,3.1e-05,2e-05,3.1e-05,1982,369645
"26-03-2017",2.9e-05,3e-05,1.9e-05,2.9e-05,1524,372867
"25-03-2017",1.9e-05,2.9e-05,1.8e-05,2.9e-05,3310,240132
"24-03-2017",3.1e-05,3.1e-05,1.9e-05,1.9e-05,1567,393481
"23-03-2017",3.1e-05,3.2e-05,2.1e-05,3.1e-05,2517,399839
"22-03-2017",1.2e-05,3.1e-05,1.1e-05,3.1e-05,2983,148096
"21-03-2017",2.1e-05,2.2e-05,1.1e-05,1.2e-05,824,270034
"20-03-2017",2.1e-05,2.1e-05,1.1e-05,2.1e-05,748,265266
"19-03-2017",2.5e-05,2.5e-05,1.2e-05,2.1e-05,839,317083
"18-03-2017",2.2e-05,2.5e-05,1e-05,2.5e-05,697,280114
"17-03-2017",2.7e-05,3.5e-05,1.2e-05,2.2e-05,449,342644
"16-03-2017",2.8e-05,3.6e-05,1.9e-05,2.7e-05,126,363351
"15-03-2017",2.5e-05,4.2e-05,2.5e-05,2.8e-05,528,314699
"14-03-2017",2.4e-05,3.7e-05,2.4e-05,2.5e-05,1111,311118
"13-03-2017",3.1e-05,3.3e-05,1.2e-05,2.4e-05,683,390260
"12-03-2017",2.4e-05,3.1e-05,1.2e-05,3e-05,297,301061
"11-03-2017",1.5e-05,2.6e-05,1.3e-05,2.4e-05,59,190322
"10-03-2017",2.4e-05,3.5e-05,1.3e-05,1.5e-05,631,304321
"09-03-2017",1.3e-05,3.5e-05,1.2e-05,2.4e-05,85,161766
"08-03-2017",2.4e-05,3.5e-05,1.2e-05,1.3e-05,37,312987
"07-03-2017",2.5e-05,2.6e-05,1.3e-05,2.4e-05,192,325815
"06-03-2017",2.5e-05,3.8e-05,1.3e-05,2.5e-05,155,324450
"05-03-2017",1.3e-05,3.7e-05,1.3e-05,2.5e-05,432,167029
"04-03-2017",2.6e-05,3.7e-05,1.3e-05,1.3e-05,332,329446
"03-03-2017",1.3e-05,3.7e-05,1.3e-05,2.6e-05,869,162686
"02-03-2017",2.5e-05,2.5e-05,1.2e-05,1.3e-05,935,314109
"01-03-2017",1.2e-05,3.6e-05,1.2e-05,2.5e-05,873,153386
"28-02-2017",2.4e-05,2.4e-05,1.2e-05,1.2e-05,425,302110
"27-02-2017",2.3e-05,3.7e-05,2.3e-05,2.4e-05,189,297776
"26-02-2017",2.4e-05,2.6e-05,2.3e-05,2.3e-05,370,304681
"25-02-2017",2.4e-05,2.4e-05,2.2e-05,2.4e-05,589,300684
"24-02-2017",2.5e-05,3.6e-05,2.3e-05,2.4e-05,456,314010
"23-02-2017",2.2e-05,2.5e-05,2.2e-05,2.4e-05,58,285875
"22-02-2017",2.2e-05,3.2e-05,2.2e-05,2.2e-05,280,285243
"21-02-2017",2.2e-05,3.3e-05,2.2e-05,2.2e-05,367,285522
"20-02-2017",2.2e-05,2.7e-05,2.1e-05,2.2e-05,63,283732
"19-02-2017",2.2e-05,2.3e-05,2.1e-05,2.2e-05,321,277790
"18-02-2017",2.5e-05,2.5e-05,2.1e-05,2.2e-05,883,316835
"17-02-2017",2.2e-05,3.1e-05,2.2e-05,2.5e-05,75,279888
"16-02-2017",2.1e-05,3.1e-05,2.1e-05,2.2e-05,136,265558
"15-02-2017",2.2e-05,2.9e-05,2e-05,2.1e-05,61,284412
"14-02-2017",2e-05,3e-05,2e-05,2.2e-05,84,253755
"13-02-2017",2e-05,3e-05,2e-05,2e-05,4367,256981
"12-02-2017",2.2e-05,3.1e-05,2e-05,2e-05,398,279595
"11-02-2017",2.9e-05,3.1e-05,2e-05,2.2e-05,531,376265
"10-02-2017",2e-05,2.9e-05,1.9e-05,2.9e-05,280,254751
"09-02-2017",2.1e-05,3.2e-05,1.9e-05,2e-05,320,272721
"08-02-2017",2.2e-05,4.2e-05,2.1e-05,2.1e-05,386,282840
"07-02-2017",2.1e-05,3.8e-05,2.1e-05,2.2e-05,1384,266140
"06-02-2017",2.1e-05,3.1e-05,2.1e-05,2.1e-05,424,263136
"05-02-2017",2.1e-05,2.8e-05,2e-05,2.1e-05,102,269269
"04-02-2017",3.1e-05,3.4e-05,2e-05,2.1e-05,55,391254
"03-02-2017",3e-05,4.1e-05,2e-05,3.1e-05,1334,386786
"02-02-2017",2e-05,4e-05,2e-05,3e-05,2360,253565
"01-02-2017",2.9e-05,2.9e-05,2e-05,2e-05,989,371810
"31-01-2017",2.7e-05,2.9e-05,1.9e-05,2.9e-05,1517,348133
"30-01-2017",1.9e-05,2.8e-05,1.8e-05,2.7e-05,1241,244890
"29-01-2017",1.9e-05,2.8e-05,1.9e-05,1.9e-05,304,246765
"28-01-2017",1.9e-05,3.4e-05,1.8e-05,1.9e-05,2371,248536
"27-01-2017",2.7e-05,2.7e-05,1.8e-05,1.9e-05,229,347166
"26-01-2017",1.8e-05,2.7e-05,1.8e-05,2.7e-05,685,230781
"25-01-2017",2.5e-05,2.7e-05,1.8e-05,1.8e-05,917,318694
"24-01-2017",2.8e-05,3.7e-05,2.5e-05,2.5e-05,1143,353288
"23-01-2017",1.9e-05,3.7e-05,1.8e-05,2.8e-05,5085,236895
"22-01-2017",1.8e-05,2.8e-05,9e-06,1.8e-05,809,235932
"21-01-2017",1.8e-05,2.1e-05,9e-06,1.8e-05,500,233596
"20-01-2017",1.8e-05,2.7e-05,1.1e-05,1.8e-05,86,234674
"19-01-2017",1.8e-05,2.7e-05,9e-06,1.8e-05,3820,227502
"18-01-2017",1.9e-05,2.6e-05,1.7e-05,1.8e-05,70,245082
"17-01-2017",1.7e-05,2.7e-05,1.7e-05,1.9e-05,212,213005
"16-01-2017",1.7e-05,2.5e-05,1.7e-05,1.7e-05,349,212125
"15-01-2017",1.6e-05,2.4e-05,1.6e-05,1.7e-05,217,209406
"14-01-2017",1.6e-05,2.4e-05,1.6e-05,1.6e-05,119,210832
"13-01-2017",1.6e-05,1.7e-05,1.6e-05,1.6e-05,42,205933
"12-01-2017",1.6e-05,2.4e-05,1.5e-05,1.6e-05,82,199004
"11-01-2017",1.8e-05,2.4e-05,1.6e-05,1.6e-05,583,232247
"10-01-2017",1.8e-05,1.8e-05,1.8e-05,1.8e-05,83,231006
"09-01-2017",1.8e-05,2.7e-05,1.8e-05,1.8e-05,385,233148
"08-01-2017",1.8e-05,2.4e-05,1.8e-05,1.8e-05,60,233909
"07-01-2017",2.2e-05,2.7e-05,1.7e-05,1.8e-05,1361,285384
"06-01-2017",2e-05,2.4e-05,1.8e-05,2.2e-05,202,259293
"05-01-2017",2.3e-05,2.4e-05,1.8e-05,2e-05,174,295460
"04-01-2017",2.1e-05,3.4e-05,2.1e-05,2.3e-05,293,267087
"03-01-2017",2.1e-05,3.1e-05,2e-05,2.1e-05,207,270343
"02-01-2017",2.2e-05,3.1e-05,2.1e-05,2.1e-05,773,283254
"01-01-2017",1.9e-05,3e-05,1.9e-05,2.2e-05,297,246813
"31-12-2016",1.9e-05,1.9e-05,1.9e-05,1.9e-05,21,246945
"30-12-2016",1.9e-05,2.9e-05,1.9e-05,1.9e-05,303,249087
"29-12-2016",2e-05,2.9e-05,1.9e-05,1.9e-05,222,252209
"28-12-2016",1.9e-05,2.9e-05,1.9e-05,2e-05,301,238777
"27-12-2016",1.9e-05,1.9e-05,1.8e-05,1.9e-05,275,237539
"26-12-2016",2.1e-05,2.7e-05,1.8e-05,1.9e-05,133,273194
"25-12-2016",1.8e-05,2.7e-05,1.7e-05,2.1e-05,68,232169
"24-12-2016",1.8e-05,2.7e-05,1.8e-05,1.8e-05,110,236019
"23-12-2016",1.8e-05,2.1e-05,1.7e-05,1.8e-05,244,224244
"22-12-2016",1.7e-05,2.5e-05,1.7e-05,1.8e-05,64,213467
"21-12-2016",1.6e-05,2.5e-05,1.6e-05,1.7e-05,865,204919
"20-12-2016",1.6e-05,2e-05,1.6e-05,1.6e-05,37,208839
"19-12-2016",1.6e-05,2e-05,1.6e-05,1.6e-05,24,202435
"18-12-2016",2.4e-05,2.4e-05,1.6e-05,1.6e-05,608,306251
"17-12-2016",1.6e-05,2.4e-05,1.6e-05,2.4e-05,224,205354
"16-12-2016",2.3e-05,3.1e-05,1.6e-05,1.6e-05,183,298633
"15-12-2016",2.3e-05,3.1e-05,1.6e-05,2.3e-05,569,295280
"14-12-2016",1.7e-05,2.3e-05,1.6e-05,2.3e-05,110,216848
"13-12-2016",1.6e-05,2.4e-05,1.6e-05,1.7e-05,98,201414
"12-12-2016",2.3e-05,3e-05,1.5e-05,1.6e-05,257,294810
"11-12-2016",2.3e-05,2.3e-05,2.3e-05,2.3e-05,241,296790
"10-12-2016",1.5e-05,3.1e-05,1.5e-05,2.3e-05,824,198168
"09-12-2016",1.6e-05,2.3e-05,1.5e-05,1.5e-05,1758,209850
"08-12-2016",1.9e-05,2.3e-05,1.6e-05,1.6e-05,254,238004
"07-12-2016",1.5e-05,2.3e-05,1.5e-05,1.9e-05,30,195542
"06-12-2016",1.5e-05,2.3e-05,1.5e-05,1.5e-05,271,197490
"05-12-2016",1.5e-05,2.3e-05,1.5e-05,1.5e-05,94,198010
"04-12-2016",2.3e-05,2.3e-05,1.5e-05,1.5e-05,290,292038
"03-12-2016",1.6e-05,2.3e-05,1.5e-05,2.3e-05,218,200278
"02-12-2016",2.3e-05,3.1e-05,1.6e-05,1.6e-05,460,290760
"01-12-2016",2.2e-05,3e-05,1.5e-05,2.3e-05,215,286200
"30-11-2016",2.2e-05,2.2e-05,1.6e-05,2.2e-05,674,282327
"29-11-2016",1.6e-05,2.2e-05,1.6e-05,2.2e-05,301,199752
"28-11-2016",2.2e-05,2.2e-05,1.5e-05,1.6e-05,173,280959
"27-11-2016",2.2e-05,2.2e-05,1.5e-05,2.2e-05,292,284479
"26-11-2016",2.2e-05,2.9e-05,1.5e-05,2.2e-05,922,284621
"25-11-2016",2.2e-05,2.2e-05,2.2e-05,2.2e-05,409,284108
"24-11-2016",2.2e-05,2.8e-05,2.2e-05,2.2e-05,1851,285778
"23-11-2016",2.3e-05,2.3e-05,2.2e-05,2.2e-05,465,288370
"22-11-2016",2.2e-05,3e-05,2.2e-05,2.3e-05,198,283726
"21-11-2016",2.2e-05,2.9e-05,2.2e-05,2.2e-05,299,282219
"20-11-2016",2.3e-05,3e-05,2.2e-05,2.2e-05,117,297744
"19-11-2016",2.3e-05,3e-05,2.3e-05,2.3e-05,281,289762
"18-11-2016",2.2e-05,3e-05,2.2e-05,2.3e-05,499,284571
"17-11-2016",2.2e-05,3e-05,2.2e-05,2.2e-05,935,285624
"16-11-2016",2.1e-05,3e-05,2.1e-05,2.2e-05,2867,272949
"15-11-2016",2.1e-05,2.8e-05,2.1e-05,2.1e-05,129,270589
"14-11-2016",2.5e-05,2.8e-05,2.1e-05,2.1e-05,639,317476
"13-11-2016",2.6e-05,2.7e-05,2.1e-05,2.5e-05,365,327930
"12-11-2016",2.1e-05,2.6e-05,2.1e-05,2.6e-05,170,274961
"11-11-2016",2.1e-05,2.9e-05,2.1e-05,2.1e-05,594,274624
"10-11-2016",2.2e-05,2.9e-05,2.1e-05,2.1e-05,718,278395
"09-11-2016",2.1e-05,2.9e-05,2.1e-05,2.2e-05,553,272547
"08-11-2016",2.1e-05,2.3e-05,2.1e-05,2.1e-05,60,269864
"07-11-2016",2.8e-05,2.8e-05,2.1e-05,2.1e-05,337,363832
"06-11-2016",2.1e-05,2.8e-05,2.1e-05,2.8e-05,1445,270073
"05-11-2016",2.1e-05,2.8e-05,2.1e-05,2.1e-05,289,271187
"04-11-2016",2.1e-05,2.8e-05,2.1e-05,2.1e-05,154,265306
"03-11-2016",2.6e-05,2.9e-05,2e-05,2.1e-05,473,333834
"02-11-2016",2.2e-05,2.9e-05,2.2e-05,2.6e-05,497,280098
"01-11-2016",2.5e-05,2.9e-05,2.1e-05,2.2e-05,178,322376
"31-10-2016",2.1e-05,2.6e-05,2.1e-05,2.5e-05,653,269378
"30-10-2016",2.3e-05,2.8e-05,2.1e-05,2.1e-05,602,293725
"29-10-2016",2.1e-05,2.6e-05,2.1e-05,2.3e-05,460,264690
"28-10-2016",2.1e-05,2.7e-05,2.1e-05,2.1e-05,339,265208
"27-10-2016",2.2e-05,2.8e-05,2.1e-05,2.1e-05,2596,283797
"26-10-2016",2.6e-05,2.7e-05,2e-05,2.2e-05,462,336513
"25-10-2016",2.6e-05,3.2e-05,2e-05,2.6e-05,2629,334554
"24-10-2016",2.6e-05,3.3e-05,2.6e-05,2.6e-05,971,336279
"23-10-2016",2.7e-05,3.3e-05,2.6e-05,2.6e-05,1092,342688
"22-10-2016",2.5e-05,3.3e-05,2.5e-05,2.7e-05,464,325129
"21-10-2016",2.4e-05,3.2e-05,2.3e-05,2.5e-05,1292,304412
"20-10-2016",2.5e-05,3.1e-05,2.4e-05,2.4e-05,1096,321583
"19-10-2016",2.6e-05,3.2e-05,2.5e-05,2.5e-05,315,326423
"18-10-2016",2.6e-05,3.2e-05,1.9e-05,2.6e-05,1732,326340
"17-10-2016",2.6e-05,3.2e-05,1.9e-05,2.6e-05,698,328362
"16-10-2016",2.6e-05,2.6e-05,1.9e-05,2.6e-05,2180,326819
"15-10-2016",2e-05,2.6e-05,1.9e-05,2.6e-05,610,250227
"14-10-2016",2.5e-05,3.2e-05,1.9e-05,2e-05,153,325334
"13-10-2016",1.9e-05,3.2e-05,1.9e-05,2.5e-05,389,245065
"12-10-2016",2.6e-05,3.2e-05,1.9e-05,1.9e-05,1993,327906
"11-10-2016",2.5e-05,3.2e-05,2.5e-05,2.6e-05,523,316514
"10-10-2016",2.5e-05,3.1e-05,2.5e-05,2.5e-05,1691,315383
"09-10-2016",2.5e-05,3e-05,2.5e-05,2.5e-05,635,316497
"08-10-2016",2.5e-05,3.1e-05,2.5e-05,2.5e-05,627,317591
"07-10-2016",2.5e-05,3e-05,2.4e-05,2.5e-05,235,313136
"06-10-2016",2.5e-05,3.1e-05,2.4e-05,2.5e-05,1426,315323
"05-10-2016",2.4e-05,3e-05,2.4e-05,2.5e-05,269,305401
"04-10-2016",2.4e-05,2.8e-05,2.3e-05,2.4e-05,305,311514
"03-10-2016",2.4e-05,3.1e-05,2.4e-05,2.4e-05,453,310538
"02-10-2016",2.5e-05,3.1e-05,2.4e-05,2.4e-05,488,312552
"01-10-2016",2.4e-05,3.1e-05,2.4e-05,2.5e-05,2089,310315
"30-09-2016",2.4e-05,3e-05,2e-05,2.4e-05,722,308063
"29-09-2016",2.9e-05,2.9e-05,2e-05,2.4e-05,974,370838
"28-09-2016",2.4e-05,3.6e-05,2.4e-05,2.9e-05,521,307915
"27-09-2016",2.4e-05,3.6e-05,2.4e-05,2.4e-05,1276,308680
"26-09-2016",2.4e-05,3e-05,2.4e-05,2.4e-05,138,304825
"25-09-2016",2.4e-05,3e-05,2.4e-05,2.4e-05,355,305628
"24-09-2016",3e-05,3e-05,2.4e-05,2.4e-05,353,380386
"23-09-2016",3e-05,3.5e-05,2.4e-05,3e-05,665,376134
"22-09-2016",2.4e-05,3e-05,2.4e-05,3e-05,1446,302206
"21-09-2016",2.5e-05,3.5e-05,2.4e-05,2.4e-05,1558,310087
"20-09-2016",3e-05,3e-05,2.4e-05,2.5e-05,3200,384508
"19-09-2016",3.1e-05,3.6e-05,2.4e-05,3e-05,3695,386361
"18-09-2016",4.2e-05,4.2e-05,3e-05,3.1e-05,1874,531641
"17-09-2016",3e-05,4.2e-05,3e-05,4.2e-05,3680,384118
"16-09-2016",2.1e-05,4.1e-05,2.1e-05,3e-05,9072,264553
"15-09-2016",2.4e-05,3e-05,2.1e-05,2.1e-05,719,307724
"14-09-2016",2.4e-05,3e-05,2.4e-05,2.4e-05,694,304712
"13-09-2016",2.4e-05,2.4e-05,2.4e-05,2.4e-05,253,302260
"12-09-2016",3e-05,3e-05,2.4e-05,2.4e-05,178,378243
"11-09-2016",2.5e-05,3.1e-05,1.9e-05,3e-05,700,312068
"10-09-2016",1.9e-05,2.5e-05,1.9e-05,2.5e-05,412,245009
"09-09-2016",2.1e-05,2.5e-05,1.9e-05,1.9e-05,195,263242
"08-09-2016",2.4e-05,2.5e-05,1.9e-05,2.1e-05,69,306928
"07-09-2016",1.9e-05,2.4e-05,1.8e-05,2.4e-05,606,241437
"06-09-2016",1.8e-05,3e-05,1.8e-05,1.9e-05,532,228498
"05-09-2016",1.9e-05,3e-05,1.8e-05,1.8e-05,1645,234375
"04-09-2016",1.8e-05,2.2e-05,1.8e-05,1.9e-05,213,225500
"03-09-2016",2e-05,2.3e-05,1.7e-05,1.8e-05,83,249103
"02-09-2016",1.8e-05,2.3e-05,1.8e-05,2e-05,266,220050
"01-09-2016",2.1e-05,2.6e-05,1.8e-05,1.8e-05,887,258054
"31-08-2016",2.5e-05,2.9e-05,1.9e-05,2.1e-05,738,316463
"30-08-2016",2.3e-05,2.9e-05,1.8e-05,2.5e-05,830,286127
"29-08-2016",1.7e-05,2.9e-05,1.7e-05,2.3e-05,948,216950
"28-08-2016",1.7e-05,2.3e-05,1.7e-05,1.7e-05,365,215468
"27-08-2016",1.8e-05,2.3e-05,1.7e-05,1.7e-05,101,219250
"26-08-2016",1.8e-05,1.8e-05,1.8e-05,1.8e-05,46,220054
"25-08-2016",1.8e-05,2.2e-05,1.7e-05,1.8e-05,91,218960
"24-08-2016",1.8e-05,2.3e-05,1.8e-05,1.8e-05,197,221808
"23-08-2016",1.8e-05,2.8e-05,1.8e-05,1.8e-05,293,222636
"22-08-2016",2.3e-05,2.9e-05,1.7e-05,1.8e-05,472,289448
"21-08-2016",2.3e-05,2.9e-05,1.7e-05,2.3e-05,523,289759
"20-08-2016",1.8e-05,2.9e-05,1.8e-05,2.3e-05,466,224764
"19-08-2016",2.3e-05,2.9e-05,1.8e-05,1.8e-05,899,285846
"18-08-2016",1.8e-05,2.9e-05,1.8e-05,2.3e-05,2278,226536
"17-08-2016",1.7e-05,2.4e-05,1.7e-05,1.8e-05,951,215670
"16-08-2016",1.8e-05,2.3e-05,1.7e-05,1.7e-05,4586,219274
"15-08-2016",1.7e-05,2.6e-05,1.7e-05,1.8e-05,251,215489
"14-08-2016",1.8e-05,2.3e-05,1.7e-05,1.7e-05,252,220091
"13-08-2016",2e-05,2.4e-05,1.8e-05,1.8e-05,1266,245732
"12-08-2016",1.8e-05,2.4e-05,1.8e-05,2e-05,272,225177
"11-08-2016",2.1e-05,2.5e-05,1.8e-05,1.8e-05,815,260599
"10-08-2016",1.8e-05,2.4e-05,1.8e-05,2.1e-05,579,226585
"09-08-2016",2e-05,2.7e-05,1.8e-05,1.8e-05,314,251670
"08-08-2016",1.9e-05,2.9e-05,1.8e-05,2e-05,430,234890
"07-08-2016",2e-05,3e-05,1.8e-05,1.9e-05,1313,250225
"06-08-2016",1.9e-05,2.4e-05,1.7e-05,2.4e-05,177,231712
"05-08-2016",2.2e-05,2.5e-05,1.9e-05,1.9e-05,926,276235
"04-08-2016",1.8e-05,2.5e-05,1.8e-05,2.2e-05,923,222823
"03-08-2016",1.7e-05,2.3e-05,1.7e-05,1.8e-05,237,207668
"02-08-2016",1.9e-05,2.3e-05,1.6e-05,1.7e-05,384,236098
"01-08-2016",1.9e-05,2.5e-05,1.9e-05,1.9e-05,552,231296
"31-07-2016",2.6e-05,3.2e-05,1.9e-05,1.9e-05,1805,325186
"30-07-2016",2.6e-05,2.7e-05,2.6e-05,2.6e-05,408,321548
"29-07-2016",2.6e-05,3.3e-05,2.6e-05,2.6e-05,645,322177
"28-07-2016",2.6e-05,3.3e-05,2.6e-05,2.6e-05,1274,322626
"27-07-2016",2.6e-05,3.2e-05,2.5e-05,2.6e-05,342,316670
"26-07-2016",2.6e-05,3.1e-05,2.5e-05,2.6e-05,982,321543
"25-07-2016",2.7e-05,2.9e-05,2.6e-05,2.6e-05,247,325605
"24-07-2016",2.6e-05,3.3e-05,2.6e-05,2.7e-05,1225,321689
"23-07-2016",3.2e-05,3.2e-05,2.6e-05,2.6e-05,177,397956
"22-07-2016",2.2e-05,3.3e-05,2.2e-05,3.2e-05,1695,274558
"21-07-2016",2.7e-05,3.3e-05,2e-05,2.2e-05,298,328189
"20-07-2016",2.1e-05,3.3e-05,2e-05,2.7e-05,1105,255630
"19-07-2016",2.6e-05,3.3e-05,2.1e-05,2.7e-05,1447,323913
"18-07-2016",2.8e-05,3.4e-05,2.1e-05,2.7e-05,636,336788
"17-07-2016",2.6e-05,3.4e-05,2e-05,2.8e-05,1111,319787
"16-07-2016",2.7e-05,3.3e-05,2.6e-05,3.2e-05,400,325887
"15-07-2016",2.6e-05,3.3e-05,2.6e-05,2.7e-05,915,318209
"14-07-2016",2.6e-05,3.3e-05,2.6e-05,2.6e-05,998,318732
"13-07-2016",2.7e-05,3.3e-05,2.6e-05,2.6e-05,5088,328591
"12-07-2016",2.6e-05,3.3e-05,2.6e-05,2.7e-05,877,314448
"11-07-2016",3.2e-05,3.7e-05,2.6e-05,2.6e-05,915,381657
"10-07-2016",3.2e-05,3.7e-05,2.6e-05,3.2e-05,232,386494
"09-07-2016",2.7e-05,3.3e-05,2.5e-05,3.2e-05,594,327326
"08-07-2016",3.2e-05,3.8e-05,2.6e-05,2.7e-05,509,384188
"07-07-2016",3.4e-05,4.1e-05,3e-05,3.2e-05,640,407321
"06-07-2016",3.4e-05,4.1e-05,2.7e-05,3.4e-05,2661,409261
"05-07-2016",3.4e-05,3.4e-05,2.7e-05,3.4e-05,969,410381
"04-07-2016",3.3e-05,4.1e-05,3.3e-05,3.4e-05,2230,398853
"03-07-2016",2.8e-05,3.9e-05,2.6e-05,3.3e-05,1737,339638
"02-07-2016",4e-05,4.8e-05,2.8e-05,2.8e-05,6136,483254
"01-07-2016",3.4e-05,4.7e-05,3.4e-05,4e-05,1939,403587
"30-06-2016",2.6e-05,4e-05,2.5e-05,3.4e-05,5061,305683
"29-06-2016",2.6e-05,3.2e-05,2.5e-05,2.6e-05,2321,308572
"28-06-2016",2.6e-05,3.2e-05,2.5e-05,2.6e-05,1887,310891
"27-06-2016",2.6e-05,3.2e-05,2.5e-05,2.6e-05,2852,308687
"26-06-2016",2.6e-05,3e-05,2e-05,2.6e-05,527,311106
"25-06-2016",2.1e-05,3.3e-05,2.1e-05,2.6e-05,705,253647
"24-06-2016",2.5e-05,2.7e-05,2e-05,2.1e-05,1490,296365
"23-06-2016",1.8e-05,2.8e-05,1.7e-05,2.5e-05,1720,212124
"22-06-2016",2e-05,2.6e-05,1.8e-05,1.8e-05,1341,235930
"21-06-2016",2.2e-05,2.7e-05,1.9e-05,2e-05,616,261531
"20-06-2016",2.3e-05,3e-05,1.5e-05,2.2e-05,1287,270851
"19-06-2016",2.3e-05,2.9e-05,2.2e-05,2.3e-05,881,267825
"18-06-2016",2.2e-05,3e-05,2.2e-05,2.3e-05,566,264900
"17-06-2016",2.4e-05,3.1e-05,1.6e-05,2.2e-05,4448,281874
"16-06-2016",2.8e-05,3e-05,2.2e-05,2.4e-05,1786,326909
"15-06-2016",2.1e-05,2.7e-05,2e-05,2.3e-05,187,243464
"14-06-2016",2.1e-05,2.8e-05,1.4e-05,2.1e-05,2725,249179
"13-06-2016",2e-05,2.8e-05,2e-05,2.1e-05,2399,237550
"12-06-2016",2.8e-05,2.8e-05,1.9e-05,2e-05,3379,324225
"11-06-2016",2.3e-05,2.9e-05,2.3e-05,2.8e-05,5223,270190
"10-06-2016",2.3e-05,2.7e-05,2.3e-05,2.3e-05,1194,268524
"09-06-2016",2.4e-05,2.9e-05,2.3e-05,2.3e-05,908,280880
"08-06-2016",2.3e-05,2.9e-05,2.3e-05,2.4e-05,667,272151
"07-06-2016",2.9e-05,2.9e-05,2.3e-05,2.3e-05,1449,340796
"06-06-2016",2.8e-05,2.9e-05,2.4e-05,2.9e-05,994,323278
"05-06-2016",2.9e-05,2.9e-05,2.3e-05,2.8e-05,433,331276
"04-06-2016",2.9e-05,3.4e-05,2.3e-05,2.9e-05,895,331900
"03-06-2016",2.7e-05,2.9e-05,2.7e-05,2.9e-05,614,311717
"02-06-2016",2.7e-05,3.2e-05,2.7e-05,2.7e-05,2125,310402
"01-06-2016",2.7e-05,3.2e-05,2.6e-05,2.7e-05,1483,307134
"31-05-2016",2.7e-05,3.2e-05,2.6e-05,2.7e-05,1990,308152
"30-05-2016",2.6e-05,3.2e-05,2.6e-05,2.7e-05,1072,305490
"29-05-2016",3.2e-05,3.3e-05,2.1e-05,2.6e-05,2995,365220
"28-05-2016",2.8e-05,3.2e-05,2.5e-05,3.2e-05,2397,323332
"27-05-2016",2.7e-05,3.3e-05,2.4e-05,2.8e-05,2123,312364
"26-05-2016",2.3e-05,3.2e-05,2.3e-05,2.7e-05,2644,258170
"25-05-2016",3.1e-05,3.1e-05,2.2e-05,2.3e-05,6687,356403
"24-05-2016",3.5e-05,3.5e-05,2.7e-05,3.1e-05,3801,404180
"23-05-2016",3.2e-05,3.5e-05,3e-05,3.5e-05,2914,360029
"22-05-2016",3.1e-05,3.6e-05,3.1e-05,3.2e-05,903,352747
"21-05-2016",3.1e-05,3.5e-05,3e-05,3.1e-05,1773,356481
"20-05-2016",3.1e-05,3.5e-05,2.6e-05,3.1e-05,2886,348687
"19-05-2016",2.7e-05,3.6e-05,2.7e-05,3.1e-05,1878,310503
"18-05-2016",2.8e-05,3.6e-05,2.7e-05,2.7e-05,3759,316121
"17-05-2016",3.2e-05,3.6e-05,2.7e-05,2.8e-05,3336,359560
"16-05-2016",4.1e-05,4.1e-05,2.7e-05,3.2e-05,7207,458116
"15-05-2016",3.7e-05,4.1e-05,3.6e-05,3.7e-05,2730,414497
"14-05-2016",4.1e-05,4.1e-05,3.2e-05,3.7e-05,3214,463388
"13-05-2016",4.1e-05,4.5e-05,3.6e-05,4.1e-05,5260,463885
"12-05-2016",3.7e-05,4.5e-05,3.6e-05,4.1e-05,2349,412910
"11-05-2016",4.1e-05,4.6e-05,3.6e-05,3.7e-05,8125,457447
"10-05-2016",4.7e-05,5e-05,4.1e-05,4.1e-05,4817,525657
"09-05-2016",4.8e-05,5.2e-05,4.1e-05,4.7e-05,6092,538346
"08-05-2016",5.1e-05,5.6e-05,4.6e-05,4.8e-05,4329,567782
"07-05-2016",4.6e-05,5.5e-05,4.6e-05,5.1e-05,3953,517885
"06-05-2016",4.9e-05,5.4e-05,4.2e-05,4.6e-05,5367,552283
"05-05-2016",5.3e-05,5.4e-05,4.1e-05,4.9e-05,7681,589230
"04-05-2016",5.1e-05,5.4e-05,4.5e-05,4.9e-05,5344,563221
"03-05-2016",4.9e-05,5.7e-05,4.9e-05,5.1e-05,1554,550044
"02-05-2016",5.1e-05,5.7e-05,4.9e-05,4.9e-05,3861,567568
"01-05-2016",5.1e-05,5.8e-05,5e-05,5.1e-05,2489,565435
"30-04-2016",5e-05,5.5e-05,5e-05,5.1e-05,2338,554109
"29-04-2016",5.4e-05,5.8e-05,5e-05,5e-05,3716,594799
"28-04-2016",5.3e-05,5.8e-05,4.9e-05,5.4e-05,5049,587725
"27-04-2016",5.5e-05,5.8e-05,5e-05,5.3e-05,3036,606944
"26-04-2016",6e-05,6e-05,4.7e-05,5.5e-05,5123,659384
"25-04-2016",5.9e-05,6.4e-05,5.6e-05,6e-05,3809,650691
"24-04-2016",5.9e-05,6.7e-05,5.8e-05,5.9e-05,2226,645439
"23-04-2016",6.6e-05,7e-05,5.8e-05,5.9e-05,2537,725266
"22-04-2016",5.4e-05,7.1e-05,5.3e-05,6.6e-05,6899,589273
"21-04-2016",5.8e-05,6.2e-05,4e-05,5.4e-05,21313,633326
"20-04-2016",6.5e-05,6.5e-05,5.3e-05,5.8e-05,11106,712792
"19-04-2016",7.3e-05,7.3e-05,6e-05,6.5e-05,8718,790808
"18-04-2016",7.7e-05,7.7e-05,6.4e-05,7.3e-05,15461,835997
"17-04-2016",6.9e-05,8.2e-05,6.9e-05,7.7e-05,9763,750506
"16-04-2016",7.5e-05,8.6e-05,6.9e-05,6.9e-05,16982,810302
"15-04-2016",7.7e-05,8.1e-05,7.3e-05,7.5e-05,8297,826445
"14-04-2016",8.5e-05,8.5e-05,6.8e-05,7.7e-05,14853,917048
"13-04-2016",0.000107,0.000107,6.8e-05,8.5e-05,20766,1146180
"12-04-2016",0.000213,0.000213,9.2e-05,0.000107,37220,2282640
"11-04-2016",0.000192,0.000541,0.000181,0.000213,631,2057150
"10-04-2016",0.000172,0.000241,0.000163,0.000192,860,1830560
"09-04-2016",0.000192,0.000193,0.000158,0.000172,399,2037410
"08-04-2016",0.000216,0.000218,0.00017,0.00019,638,2284390
"07-04-2016",0.00014,0.000237,0.000139,0.000216,1880,1474280
"06-04-2016",0.000123,0.000141,0.000122,0.00014,769,1291760
"05-04-2016",0.000132,0.00014,0.000118,0.000123,966,1383450
"04-04-2016",0.000125,0.000137,9.9e-05,0.000132,441,1312010
"03-04-2016",0.00013,0.000131,0.000122,0.000125,10010,1364110
"02-04-2016",0.000117,0.000147,0.000113,0.00013,33868,1226770
"01-04-2016",0.000117,0.000126,0.000109,0.000117,10403,1223350
"31-03-2016",0.000124,0.000137,0.000108,0.000113,19155,1295910
"30-03-2016",0.000129,0.000133,0.000116,0.000124,13948,1340620
"29-03-2016",0.000131,0.000144,0.00012,0.000129,9337,1361200
"28-03-2016",0.000141,0.000169,0.000111,0.000131,59092,1453400
"27-03-2016",0.000125,0.000137,0.000121,0.000137,11344,1286540
"26-03-2016",0.000134,0.000142,0.000113,0.000125,25412,1369530
"25-03-2016",0.0001,0.000159,8e-05,0.000134,110896,1019650
"24-03-2016",0.000113,0.000117,8.8e-05,9.6e-05,19695,1151770
"23-03-2016",0.000121,0.000122,0.000109,0.000113,13367,1230080
"22-03-2016",0.000124,0.000133,0.000113,0.000121,10291,1256500
"21-03-2016",0.000137,0.000144,0.00012,0.000124,20555,1379950
"20-03-2016",0.000123,0.000149,0.00012,0.000137,16405,1239620
"19-03-2016",0.000139,0.000139,0.000118,0.000123,8517,1390980
"18-03-2016",0.000126,0.000139,0.000113,0.000139,17269,1262060
"17-03-2016",0.000163,0.000163,0.000101,0.000126,45644,1624040
"16-03-2016",0.000175,0.000187,0.000134,0.000163,61496,1746110
"15-03-2016",0.000192,0.000196,0.000175,0.000175,34318,1905010
"14-03-2016",0.000194,0.000208,0.000186,0.000192,38928,1928900
"13-03-2016",0.000177,0.000208,0.000174,0.000194,42651,1750890
"12-03-2016",0.00019,0.000206,0.000169,0.000177,52384,1877620
"11-03-2016",0.000121,0.000227,0.000121,0.00019,190205,1189550
"10-03-2016",8.7e-05,0.000136,8.3e-05,0.000121,52866,856483
"09-03-2016",6.6e-05,0.000111,6.6e-05,9.1e-05,68824,650804
"08-03-2016",5e-05,7e-05,5e-05,6.6e-05,16558,489448
"07-03-2016",4.1e-05,6.2e-05,4.1e-05,5e-05,17662,399802
"06-03-2016",4e-05,4.5e-05,4e-05,4.1e-05,3564,390931
"05-03-2016",4.1e-05,4.5e-05,3.6e-05,4e-05,6924,400549
"04-03-2016",4.2e-05,4.6e-05,3.7e-05,4.1e-05,4682,407877
"03-03-2016",4.3e-05,4.6e-05,3.8e-05,3.8e-05,5271,413643
"02-03-2016",3.9e-05,6.8e-05,3.5e-05,4.3e-05,5842,379333
"01-03-2016",4.8e-05,5.3e-05,3.9e-05,3.9e-05,4875,464993
"29-02-2016",5.2e-05,5.7e-05,4.8e-05,4.8e-05,7001,501376
"28-02-2016",4.8e-05,5.6e-05,4.3e-05,5.2e-05,8798,458031
"27-02-2016",5.2e-05,5.6e-05,4.3e-05,4.8e-05,7881,496895
"26-02-2016",5.1e-05,5.6e-05,4.7e-05,5.2e-05,7276,488528
"25-02-2016",5.5e-05,6.3e-05,4.7e-05,5.1e-05,4831,527529
"24-02-2016",5.5e-05,6.3e-05,4.7e-05,5.5e-05,9964,525935
"23-02-2016",6.6e-05,7.6e-05,5.5e-05,5.5e-05,9878,627630
"22-02-2016",7.5e-05,9.1e-05,5.7e-05,6.6e-05,11757,706145
"21-02-2016",8.6e-05,8.8e-05,6.4e-05,7.5e-05,184,809956
"20-02-2016",8.7e-05,9.3e-05,7.8e-05,8.6e-05,725,820443
"19-02-2016",5.6e-05,9.9e-05,5.2e-05,8.7e-05,1692,531376
"18-02-2016",4.2e-05,5.9e-05,4.2e-05,5.6e-05,5967,400078
"17-02-2016",4e-05,4.6e-05,3.7e-05,4.2e-05,3905,383130
"16-02-2016",3.2e-05,4.5e-05,3.2e-05,4e-05,9749,298192
"15-02-2016",3.3e-05,4.4e-05,3.2e-05,3.2e-05,3749,310984
"14-02-2016",4.3e-05,4.5e-05,3.2e-05,3.3e-05,5644,406168
"13-02-2016",3.4e-05,4.4e-05,3.1e-05,4.3e-05,9553,324920
"12-02-2016",3.1e-05,3.4e-05,2.3e-05,3.4e-05,6962,288621
"11-02-2016",2.7e-05,3.7e-05,2.7e-05,3.1e-05,15670,258753
"10-02-2016",1.9e-05,3.3e-05,1.9e-05,3e-05,10365,177725
"09-02-2016",1.5e-05,2.2e-05,1.5e-05,1.9e-05,4672,141280
"08-02-2016",1.9e-05,1.9e-05,1.5e-05,1.5e-05,1063,177439
"07-02-2016",1.9e-05,1.9e-05,1.5e-05,1.9e-05,3525,177082
"06-02-2016",1.9e-05,1.9e-05,1.5e-05,1.9e-05,1609,180591
"05-02-2016",1.7e-05,2.3e-05,1.5e-05,1.9e-05,3074,162811
"04-02-2016",1.5e-05,1.7e-05,1.5e-05,1.7e-05,261,143682
"03-02-2016",1.6e-05,1.8e-05,1.2e-05,1.5e-05,333,147739
"02-02-2016",1.5e-05,1.9e-05,1.1e-05,1.6e-05,387,144394
"01-02-2016",1.5e-05,1.9e-05,1.5e-05,1.5e-05,1199,139313
"31-01-2016",1.6e-05,1.9e-05,1.5e-05,1.5e-05,1869,147082
"30-01-2016",1.5e-05,1.8e-05,1.5e-05,1.6e-05,654,139770
"29-01-2016",1.5e-05,1.8e-05,1.4e-05,1.5e-05,494,141877
"28-01-2016",2e-05,2e-05,1.5e-05,1.5e-05,1057,184886
"27-01-2016",1.6e-05,2e-05,8e-06,2e-05,3711,146735
"26-01-2016",9e-06,1.6e-05,8e-06,1.6e-05,1296,80915
"25-01-2016",9e-06,1.2e-05,9e-06,9e-06,164,81642
"24-01-2016",1.2e-05,1.5e-05,8e-06,9e-06,152,111627
"23-01-2016",1.5e-05,1.6e-05,1.1e-05,1.2e-05,560,141989
"22-01-2016",8e-06,1.5e-05,8e-06,1.5e-05,1491,78425
"21-01-2016",9e-06,1.7e-05,8e-06,8e-06,1267,82149
"20-01-2016",9e-06,1.3e-05,8e-06,9e-06,175,86318
"19-01-2016",8e-06,1.3e-05,8e-06,9e-06,200,79453
"18-01-2016",8e-06,1.2e-05,8e-06,9e-06,331,79512
"17-01-2016",1.2e-05,1.2e-05,8e-06,8e-06,146,108143
"16-01-2016",1.1e-05,1.3e-05,9e-06,1.2e-05,131,102286
"15-01-2016",1.3e-05,1.3e-05,9e-06,1.1e-05,97,123796
"14-01-2016",1.3e-05,1.4e-05,1.3e-05,1.3e-05,130,119314
"13-01-2016",1.3e-05,1.7e-05,1.2e-05,1.3e-05,61,122321
"12-01-2016",1.3e-05,1.3e-05,9e-06,1.3e-05,886,125855
"11-01-2016",1.4e-05,1.4e-05,9e-06,1.3e-05,1292,129933
"10-01-2016",1.3e-05,1.8e-05,1.3e-05,1.4e-05,411,125594
"09-01-2016",1.4e-05,1.8e-05,1.3e-05,1.3e-05,621,126782
"08-01-2016",1.4e-05,1.4e-05,9e-06,1.4e-05,204,128385
"07-01-2016",1.3e-05,1.8e-05,9e-06,1.4e-05,244,120327
"06-01-2016",1.3e-05,1.3e-05,1.2e-05,1.3e-05,1524,123628
"05-01-2016",1.3e-05,1.6e-05,9e-06,1.3e-05,135,121454
"04-01-2016",1.2e-05,1.7e-05,9e-06,1.3e-05,486,109998
"03-01-2016",1.1e-05,1.7e-05,1.1e-05,1.2e-05,480,106369
"02-01-2016",1.5e-05,1.7e-05,1.1e-05,1.1e-05,2473,138945
"01-01-2016",1.3e-05,1.6e-05,9e-06,1.5e-05,700,121532
"31-12-2015",1.3e-05,1.7e-05,1.2e-05,1.3e-05,523,117036
"30-12-2015",1.7e-05,1.7e-05,1e-05,1.3e-05,347,155866
"29-12-2015",1.3e-05,1.7e-05,1.3e-05,1.7e-05,2705,118160
"28-12-2015",1.7e-05,1.9e-05,1e-05,1.3e-05,7446,160743
"27-12-2015",1.4e-05,1.9e-05,1.2e-05,1.5e-05,847,132161
"26-12-2015",1.3e-05,1.7e-05,1e-05,1.5e-05,343,124397
"25-12-2015",1.4e-05,1.8e-05,1.3e-05,1.3e-05,175,127149
"24-12-2015",1.8e-05,1.8e-05,1.3e-05,1.4e-05,1772,163956
"23-12-2015",2.1e-05,2.2e-05,1.7e-05,2.2e-05,3454,198738
"22-12-2015",1.7e-05,2.1e-05,1.4e-05,2.1e-05,4829,157571
"21-12-2015",1.7e-05,2e-05,1.4e-05,1.7e-05,156,155606
"20-12-2015",2.3e-05,2.7e-05,1.6e-05,2.4e-05,460,213711
"19-12-2015",1.8e-05,2.8e-05,1.4e-05,2.3e-05,4750,166877
"18-12-2015",1.8e-05,2.3e-05,1.7e-05,1.8e-05,1339,169252
"17-12-2015",1.4e-05,1.8e-05,1.4e-05,1.8e-05,3956,127338
"16-12-2015",1.8e-05,2.2e-05,1.4e-05,1.4e-05,367,163097
"15-12-2015",1.8e-05,2.3e-05,1.5e-05,1.7e-05,431,164222
"14-12-2015",1.7e-05,2.2e-05,1.6e-05,1.8e-05,1708,157689
"13-12-2015",2.4e-05,2.4e-05,1.7e-05,1.7e-05,2038,223341
"12-12-2015",1.8e-05,2.6e-05,1.7e-05,2.4e-05,429,167438
"11-12-2015",2e-05,2.5e-05,1.7e-05,1.8e-05,1451,183360
"10-12-2015",1.9e-05,2.3e-05,1.7e-05,2e-05,748,172215
"09-12-2015",1.8e-05,2e-05,1.4e-05,1.9e-05,1548,162561
"08-12-2015",1.4e-05,1.9e-05,1.3e-05,1.7e-05,480,127100
"07-12-2015",1.6e-05,2e-05,1.4e-05,1.4e-05,301,144492
"06-12-2015",1.6e-05,2e-05,1.6e-05,1.6e-05,383,144307
"05-12-2015",2.1e-05,2.2e-05,1.6e-05,1.9e-05,1041,197625
"04-12-2015",1.5e-05,2.1e-05,1.5e-05,2.1e-05,1441,142427
"03-12-2015",2e-05,2e-05,1.5e-05,1.5e-05,688,183668
"02-12-2015",1.7e-05,2e-05,1.6e-05,1.7e-05,330,159729
"01-12-2015",2.2e-05,2.4e-05,1.7e-05,1.8e-05,653,204141
"30-11-2015",1.5e-05,2.5e-05,1.5e-05,2.2e-05,5892,136768
"29-11-2015",1.7e-05,1.8e-05,1.4e-05,1.5e-05,90,159910
"28-11-2015",1.4e-05,2e-05,1.4e-05,1.7e-05,3294,132192
"27-11-2015",1.4e-05,1.5e-05,1.2e-05,1.4e-05,404,130686
"26-11-2015",1.6e-05,1.8e-05,1e-05,1.4e-05,278,150793
"25-11-2015",1.1e-05,1.6e-05,1e-05,1.6e-05,148,105472
"24-11-2015",1e-05,1.4e-05,1e-05,1.1e-05,621,96693
"23-11-2015",1e-05,1.3e-05,1e-05,1e-05,262,90287
"22-11-2015",1e-05,1.3e-05,1e-05,1e-05,31,90783
"21-11-2015",1.3e-05,1.3e-05,1e-05,1e-05,69,119005
"20-11-2015",1.5e-05,1.5e-05,1.2e-05,1.3e-05,95,136777
"19-11-2015",1e-05,1.5e-05,1e-05,1.5e-05,158,93510
"18-11-2015",1e-05,1.5e-05,1e-05,1e-05,328,92919
"17-11-2015",1.4e-05,1.4e-05,1e-05,1e-05,1051,128381
"16-11-2015",1.2e-05,1.4e-05,1e-05,1.4e-05,210,106227
"15-11-2015",1.2e-05,1.3e-05,1.1e-05,1.2e-05,28,108759
"14-11-2015",1.2e-05,1.4e-05,1.1e-05,1.2e-05,124,109965
"13-11-2015",1.2e-05,1.4e-05,1.1e-05,1.2e-05,79,111803
"12-11-2015",1.2e-05,1.5e-05,1.2e-05,1.2e-05,174,113431
"11-11-2015",1.3e-05,1.5e-05,1e-05,1.2e-05,285,124243
"10-11-2015",1.2e-05,1.5e-05,1.2e-05,1.3e-05,99,113037
"09-11-2015",1.5e-05,1.5e-05,1.1e-05,1.2e-05,159,135836
"08-11-2015",1.2e-05,1.6e-05,1.2e-05,1.5e-05,124,109563
"07-11-2015",1.2e-05,1.6e-05,1.2e-05,1.2e-05,159,108566
"06-11-2015",1.5e-05,1.6e-05,1.1e-05,1.5e-05,211,142376
"05-11-2015",1.4e-05,1.7e-05,1.2e-05,1.5e-05,154,129297
"04-11-2015",1.6e-05,2.1e-05,1.3e-05,1.4e-05,1350,148666
"03-11-2015",1.4e-05,2e-05,1.4e-05,1.6e-05,770,133084
"02-11-2015",1.6e-05,1.7e-05,1.3e-05,1.4e-05,902,145350
"01-11-2015",1.3e-05,1.6e-05,1.3e-05,1.6e-05,29,115924
"31-10-2015",1.6e-05,1.6e-05,1.2e-05,1.3e-05,560,149651
"30-10-2015",1.2e-05,1.6e-05,1.2e-05,1.6e-05,229,113785
"29-10-2015",1.6e-05,1.7e-05,1.2e-05,1.2e-05,50,150350
"28-10-2015",1.4e-05,1.7e-05,1.3e-05,1.6e-05,49,127990
"27-10-2015",1.1e-05,1.5e-05,1.1e-05,1.4e-05,454,104962
"26-10-2015",1.4e-05,1.4e-05,1.1e-05,1.1e-05,169,128455
"25-10-2015",1.4e-05,1.5e-05,1.3e-05,1.4e-05,271,129306
"24-10-2015",1.4e-05,1.5e-05,1.1e-05,1.4e-05,331,126714
"23-10-2015",1.5e-05,2.5e-05,1.1e-05,1.4e-05,2139,140805
"22-10-2015",1.3e-05,1.5e-05,1.2e-05,1.5e-05,630,116156
"21-10-2015",1.1e-05,1.5e-05,1.1e-05,1.3e-05,1404,102347
"20-10-2015",1.4e-05,1.6e-05,1.1e-05,1.1e-05,97,126128
"19-10-2015",1.3e-05,1.6e-05,1.3e-05,1.4e-05,317,119880
"18-10-2015",1.4e-05,1.6e-05,1.2e-05,1.3e-05,435,124356
"17-10-2015",1.3e-05,1.6e-05,1.1e-05,1.4e-05,968,120680
"16-10-2015",1.3e-05,1.6e-05,1.3e-05,1.3e-05,61,118130
"15-10-2015",1.3e-05,1.5e-05,1.3e-05,1.3e-05,152,115756
"14-10-2015",1.3e-05,1.5e-05,1.2e-05,1.3e-05,575,116434
"13-10-2015",1.2e-05,1.5e-05,1.2e-05,1.2e-05,53,112600
"12-10-2015",1.4e-05,1.5e-05,1.2e-05,1.4e-05,32,130892
"11-10-2015",1.4e-05,1.5e-05,1.2e-05,1.4e-05,22,124992
"10-10-2015",1.2e-05,1.5e-05,1.2e-05,1.4e-05,72,111894
"09-10-2015",1.2e-05,1.5e-05,1.2e-05,1.2e-05,89,111349
"08-10-2015",1.2e-05,1.5e-05,1.2e-05,1.2e-05,134,111384
"07-10-2015",1.2e-05,1.5e-05,1.2e-05,1.2e-05,914,112988
"06-10-2015",1.5e-05,1.6e-05,1.2e-05,1.2e-05,4027,133192
"05-10-2015",1.7e-05,1.7e-05,1.4e-05,1.5e-05,126,152795
"04-10-2015",1.7e-05,1.7e-05,1.4e-05,1.7e-05,195,151549
"03-10-2015",1.5e-05,1.6e-05,1.4e-05,1.6e-05,227,137394
"02-10-2015",1.7e-05,1.7e-05,1.4e-05,1.5e-05,156,152253
"01-10-2015",1.4e-05,1.7e-05,1.4e-05,1.7e-05,1391,129708
"30-09-2015",1.6e-05,1.7e-05,1.4e-05,1.4e-05,49,142246
"29-09-2015",1.7e-05,1.7e-05,1.4e-05,1.6e-05,67,152647
"28-09-2015",1.4e-05,1.7e-05,1.4e-05,1.7e-05,52,131230
"27-09-2015",1.6e-05,1.6e-05,1.4e-05,1.4e-05,208,144746
"26-09-2015",1.6e-05,1.9e-05,1.4e-05,1.6e-05,1553,150589
"25-09-2015",1.4e-05,1.7e-05,1.4e-05,1.6e-05,1507,128749
"24-09-2015",1.4e-05,1.6e-05,1.4e-05,1.4e-05,1214,126382
"23-09-2015",1.5e-05,1.6e-05,1.4e-05,1.4e-05,882,135936
"22-09-2015",1.4e-05,1.6e-05,1.4e-05,1.5e-05,531,125094
"21-09-2015",1.6e-05,1.6e-05,1.4e-05,1.4e-05,78,142458
"20-09-2015",1.4e-05,1.6e-05,1.4e-05,1.6e-05,115,129353
"19-09-2015",1.4e-05,1.4e-05,1.4e-05,1.4e-05,150,128188
"18-09-2015",1.4e-05,1.6e-05,1.4e-05,1.4e-05,416,126307
"17-09-2015",1.5e-05,1.6e-05,1.4e-05,1.4e-05,59,136253
"16-09-2015",1.4e-05,1.6e-05,1.2e-05,1.5e-05,1708,126828
"15-09-2015",1.5e-05,1.6e-05,1.2e-05,1.4e-05,167,134535
"14-09-2015",1.6e-05,1.6e-05,1.4e-05,1.5e-05,457,144432
"13-09-2015",1.4e-05,1.6e-05,1.4e-05,1.6e-05,99,128910
"12-09-2015",1.6e-05,1.6e-05,1.4e-05,1.5e-05,687,149274
"11-09-2015",1.7e-05,1.7e-05,1.4e-05,1.6e-05,88,152368
"10-09-2015",1.4e-05,1.7e-05,1.2e-05,1.7e-05,1298,130503
"09-09-2015",1.2e-05,1.6e-05,1.2e-05,1.4e-05,905,112081
"08-09-2015",1.4e-05,1.5e-05,1.2e-05,1.2e-05,657,131333
"07-09-2015",1.7e-05,1.7e-05,1.4e-05,1.4e-05,152,151907
"06-09-2015",1.4e-05,1.7e-05,1.2e-05,1.7e-05,425,126137
"05-09-2015",1.6e-05,1.6e-05,1.2e-05,1.4e-05,383,144234
"04-09-2015",1.4e-05,1.6e-05,1.4e-05,1.6e-05,525,124843
"03-09-2015",1.4e-05,1.6e-05,1.2e-05,1.4e-05,156,125294
"02-09-2015",1.4e-05,1.6e-05,1.2e-05,1.4e-05,460,126147
"01-09-2015",1.4e-05,1.6e-05,1.4e-05,1.4e-05,228,125776
"31-08-2015",1.6e-05,1.6e-05,1.4e-05,1.4e-05,2499,145902
"30-08-2015",1.4e-05,1.6e-05,1.4e-05,1.6e-05,1213,125707
"29-08-2015",1.4e-05,1.6e-05,1.4e-05,1.4e-05,434,128617
"28-08-2015",1.6e-05,1.6e-05,1.3e-05,1.4e-05,420,141679
"27-08-2015",1.5e-05,1.6e-05,1.3e-05,1.6e-05,1074,140022
"26-08-2015",1.3e-05,1.6e-05,1.1e-05,1.5e-05,532,120858
"25-08-2015",1.1e-05,1.3e-05,1e-05,1.3e-05,1487,98040
"24-08-2015",1.4e-05,1.5e-05,1.1e-05,1.1e-05,616,124223
"23-08-2015",1.4e-05,1.4e-05,1.2e-05,1.4e-05,206,123047
"22-08-2015",1.3e-05,1.4e-05,1.2e-05,1.4e-05,231,116537
"21-08-2015",1.4e-05,1.5e-05,1.2e-05,1.3e-05,2158,122715
"20-08-2015",1.5e-05,1.6e-05,1e-05,1.4e-05,2321,137712
"19-08-2015",1.1e-05,1.6e-05,1.1e-05,1.5e-05,183,96016
"18-08-2015",1.7e-05,1.8e-05,1.1e-05,1.1e-05,1565,157104
"17-08-2015",1.6e-05,1.8e-05,1.6e-05,1.7e-05,184,141766
"16-08-2015",1.6e-05,1.8e-05,1.6e-05,1.6e-05,362,143457
"15-08-2015",1.8e-05,1.9e-05,1.6e-05,1.6e-05,623,165270
"14-08-2015",1.8e-05,2.1e-05,1.5e-05,1.8e-05,4606,165795
"13-08-2015",1.9e-05,2.1e-05,1.8e-05,1.8e-05,1235,168273
"12-08-2015",1.9e-05,2.1e-05,1.9e-05,1.9e-05,122,172408
"11-08-2015",1.9e-05,2.2e-05,1.9e-05,1.9e-05,813,169116
"10-08-2015",2e-05,2.1e-05,1.8e-05,1.9e-05,861,180613
"09-08-2015",2.1e-05,2.2e-05,1.8e-05,2e-05,902,187151
"08-08-2015",2.3e-05,2.5e-05,2e-05,2.1e-05,501,207474
"07-08-2015",2.1e-05,2.5e-05,2e-05,2.3e-05,3296,187505
"06-08-2015",2.3e-05,2.4e-05,1.9e-05,2.2e-05,2163,201815
"05-08-2015",2e-05,2.3e-05,1.8e-05,2.3e-05,2844,178900
"04-08-2015",2.9e-05,3.6e-05,2e-05,2e-05,3504,261545
"03-08-2015",2e-05,3.3e-05,1.8e-05,3.1e-05,3950,177168
"02-08-2015",2e-05,2.1e-05,1.8e-05,2e-05,558,175951
"01-08-2015",2.1e-05,2.3e-05,1.7e-05,2e-05,291,186271
"31-07-2015",1.8e-05,2.3e-05,1.7e-05,2.1e-05,2364,156092
"30-07-2015",1.7e-05,2e-05,1.7e-05,1.8e-05,1144,154675
"29-07-2015",2.1e-05,2.1e-05,1.7e-05,1.7e-05,567,183118
"28-07-2015",1.8e-05,2.1e-05,1.8e-05,2.1e-05,1357,158587
"27-07-2015",1.8e-05,2.1e-05,1.7e-05,1.8e-05,386,159412
"26-07-2015",1.8e-05,2e-05,1.7e-05,1.8e-05,210,158106
"25-07-2015",2e-05,2.3e-05,1.8e-05,1.8e-05,602,178490
"24-07-2015",1.7e-05,2.2e-05,1.7e-05,2e-05,1232,146521
"23-07-2015",1.7e-05,2.2e-05,1.7e-05,1.7e-05,496,146807
"22-07-2015",1.9e-05,2.2e-05,1.7e-05,1.7e-05,1257,170209
"21-07-2015",2e-05,2.2e-05,1.8e-05,1.9e-05,1825,171851
"20-07-2015",1.9e-05,2.1e-05,1.7e-05,1.9e-05,728,168268
"19-07-2015",1.9e-05,2e-05,1.7e-05,1.9e-05,571,168793
"18-07-2015",2.2e-05,2.2e-05,1.6e-05,1.9e-05,1143,194129
"17-07-2015",2.2e-05,2.4e-05,1.9e-05,2.2e-05,1661,188919
"16-07-2015",2e-05,2.3e-05,1.9e-05,2.2e-05,852,176168
"15-07-2015",2.3e-05,2.3e-05,2e-05,2e-05,382,201665
"14-07-2015",1.9e-05,2.3e-05,1.9e-05,2.3e-05,699,164349
"13-07-2015",2.5e-05,2.5e-05,1.7e-05,1.9e-05,452,217072
"12-07-2015",2.3e-05,2.5e-05,2.1e-05,2.5e-05,1810,204024
"11-07-2015",2.1e-05,2.4e-05,1.8e-05,2.3e-05,2070,178863
"10-07-2015",1.9e-05,2.3e-05,1.9e-05,2.1e-05,1743,163511
"09-07-2015",1.6e-05,2.2e-05,1.6e-05,1.9e-05,1576,141386
"08-07-2015",2.1e-05,2.2e-05,1.6e-05,1.6e-05,1559,184821
"07-07-2015",1.9e-05,2.4e-05,1.9e-05,2.1e-05,7882,163166
"06-07-2015",1.6e-05,1.9e-05,1.4e-05,1.9e-05,7541,141395
"05-07-2015",1.6e-05,1.9e-05,1.4e-05,1.6e-05,2315,136823
"04-07-2015",1.3e-05,1.8e-05,1.3e-05,1.6e-05,5479,110672
"03-07-2015",1.3e-05,1.5e-05,1e-05,1.3e-05,3125,110169
"02-07-2015",1.3e-05,1.3e-05,1e-05,1.1e-05,259,111451
"01-07-2015",1.3e-05,1.6e-05,1.1e-05,1.1e-05,206,113798
"30-06-2015",1.3e-05,1.6e-05,1.1e-05,1.3e-05,661,110841
"29-06-2015",1.2e-05,1.5e-05,1.2e-05,1.5e-05,1655,106876
"28-06-2015",1.3e-05,1.4e-05,1.2e-05,1.2e-05,229,107874
"27-06-2015",1.4e-05,1.4e-05,1.2e-05,1.3e-05,166,119652
"26-06-2015",1.2e-05,1.4e-05,1.2e-05,1.4e-05,180,103976
"25-06-2015",1.2e-05,1.4e-05,1.2e-05,1.2e-05,163,104903
"24-06-2015",1.3e-05,1.5e-05,1.2e-05,1.2e-05,157,108367
"23-06-2015",1.2e-05,1.5e-05,1.2e-05,1.3e-05,201,105468
"22-06-2015",1.2e-05,1.5e-05,1e-05,1.2e-05,749,104140
"21-06-2015",1.2e-05,1.5e-05,1.2e-05,1.2e-05,697,104541
"20-06-2015",1.4e-05,1.5e-05,1.2e-05,1.2e-05,371,122736
"19-06-2015",1.2e-05,1.5e-05,1.2e-05,1.4e-05,460,105941
"18-06-2015",1.2e-05,1.5e-05,1.2e-05,1.2e-05,560,105905
"17-06-2015",1.3e-05,1.5e-05,1.2e-05,1.2e-05,1179,106404
"16-06-2015",1.2e-05,1.5e-05,1.2e-05,1.3e-05,1243,100789
"15-06-2015",1.2e-05,1.4e-05,1.1e-05,1.2e-05,400,99071
"14-06-2015",1.2e-05,1.4e-05,1.2e-05,1.2e-05,839,101519
"13-06-2015",1.4e-05,1.4e-05,1.2e-05,1.2e-05,180,115715
"12-06-2015",1.1e-05,1.4e-05,1.1e-05,1.4e-05,106,97010
"11-06-2015",1.2e-05,1.4e-05,1.1e-05,1.1e-05,719,99459
"10-06-2015",1.2e-05,1.4e-05,1.1e-05,1.2e-05,912,100037
"09-06-2015",1.1e-05,1.4e-05,1.1e-05,1.2e-05,232,96293
"08-06-2015",1.2e-05,1.4e-05,1.1e-05,1.3e-05,127,100022
"07-06-2015",1.3e-05,1.4e-05,1.1e-05,1.2e-05,463,105989
"06-06-2015",1.3e-05,1.4e-05,1.1e-05,1.2e-05,382,113512
"05-06-2015",9e-06,1.4e-05,9e-06,1.3e-05,1106,79643
"04-06-2015",9e-06,1.3e-05,9e-06,9e-06,1268,79145
"03-06-2015",1e-05,1.1e-05,9e-06,9e-06,332,80518
"02-06-2015",1e-05,1.1e-05,9e-06,1e-05,275,87377
"01-06-2015",1e-05,1.2e-05,9e-06,1e-05,96,81288
"31-05-2015",1.2e-05,1.4e-05,9e-06,1e-05,408,98381
"30-05-2015",1.4e-05,1.4e-05,1.2e-05,1.2e-05,1627,115018
"29-05-2015",1.4e-05,1.4e-05,1.2e-05,1.4e-05,559,119197
"28-05-2015",1.2e-05,1.4e-05,1e-05,1.4e-05,2901,99288
"27-05-2015",1.2e-05,1.2e-05,9e-06,1.2e-05,917,97910
"26-05-2015",1.2e-05,1.2e-05,7e-06,1.2e-05,684,99006
"25-05-2015",1e-05,1.2e-05,7e-06,1.2e-05,1303,80583
"24-05-2015",1.1e-05,1.2e-05,1e-05,1e-05,1624,88374
"23-05-2015",1.2e-05,1.2e-05,1e-05,1.1e-05,108,100134
"22-05-2015",1.2e-05,1.2e-05,9e-06,1.2e-05,1351,98207
"21-05-2015",9e-06,1.2e-05,9e-06,1.2e-05,205,79184
"20-05-2015",9e-06,1.2e-05,9e-06,9e-06,245,77377
"19-05-2015",1.4e-05,1.4e-05,9e-06,9e-06,2711,114669
"18-05-2015",1.2e-05,1.4e-05,9e-06,1.4e-05,1840,97936
"17-05-2015",1.2e-05,1.4e-05,1.2e-05,1.4e-05,172,98046
"16-05-2015",1.2e-05,1.4e-05,1.2e-05,1.2e-05,392,98575
"15-05-2015",1.4e-05,1.4e-05,1.2e-05,1.2e-05,110,114650
"14-05-2015",1.2e-05,1.4e-05,1e-05,1.4e-05,1101,97726
"13-05-2015",1.2e-05,1.5e-05,9e-06,1.2e-05,1276,99935
"12-05-2015",1.2e-05,1.4e-05,1.2e-05,1.2e-05,1244,100451
"11-05-2015",1.2e-05,1.5e-05,1.2e-05,1.2e-05,1978,99354
"10-05-2015",1.2e-05,1.4e-05,1.2e-05,1.2e-05,1019,99886
"09-05-2015",1.2e-05,1.5e-05,1.2e-05,1.2e-05,248,100551
"08-05-2015",1.2e-05,1.5e-05,1.2e-05,1.2e-05,270,97714
"07-05-2015",1.3e-05,1.4e-05,1.1e-05,1.2e-05,612,105179
"06-05-2015",1.2e-05,1.4e-05,1.1e-05,1.3e-05,534,100246
"05-05-2015",1.4e-05,1.7e-05,1.2e-05,1.2e-05,215,117278
"04-05-2015",1.4e-05,1.7e-05,1.4e-05,1.4e-05,298,116768
"03-05-2015",1.5e-05,1.5e-05,1.2e-05,1.4e-05,376,122618
"02-05-2015",1.4e-05,1.6e-05,1.4e-05,1.5e-05,463,113667
"01-05-2015",1.4e-05,1.4e-05,1.2e-05,1.4e-05,803,115286
"30-04-2015",1.4e-05,1.6e-05,1.3e-05,1.4e-05,536,110185
"29-04-2015",1.4e-05,1.6e-05,1.3e-05,1.4e-05,370,109965
"28-04-2015",1.4e-05,1.6e-05,1.3e-05,1.4e-05,661,113072
"27-04-2015",1.3e-05,1.6e-05,1.1e-05,1.4e-05,3740,106328
"26-04-2015",1.8e-05,1.8e-05,1.3e-05,1.3e-05,585,142928
"25-04-2015",1.4e-05,1.8e-05,1.4e-05,1.8e-05,627,111518
"24-04-2015",1.5e-05,1.6e-05,1.4e-05,1.4e-05,614,118569
"23-04-2015",1.7e-05,1.9e-05,1.4e-05,1.5e-05,1270,138852
"22-04-2015",1.6e-05,2.3e-05,1.6e-05,1.7e-05,7655,131091
"21-04-2015",1.4e-05,1.8e-05,1.4e-05,1.6e-05,2463,110572
"20-04-2015",1.1e-05,1.8e-05,1.1e-05,1.4e-05,2049,88461
"19-04-2015",1.1e-05,1.6e-05,1.1e-05,1.1e-05,357,88587
"18-04-2015",1.3e-05,1.3e-05,1.1e-05,1.1e-05,1304,102977
"17-04-2015",1.2e-05,1.4e-05,9e-06,1.3e-05,1066,91293
"16-04-2015",1.1e-05,1.2e-05,9e-06,1.2e-05,339,83385
"15-04-2015",1.1e-05,1.3e-05,1e-05,1.1e-05,98,83474
"14-04-2015",1.1e-05,1.3e-05,9e-06,1.1e-05,452,87903
"13-04-2015",1.2e-05,1.3e-05,1.1e-05,1.1e-05,169,92771
"12-04-2015",1.2e-05,1.4e-05,1.2e-05,1.2e-05,837,92814
"11-04-2015",1.4e-05,1.4e-05,1.2e-05,1.2e-05,713,109635
"10-04-2015",1.2e-05,1.4e-05,1.1e-05,1.4e-05,1231,93426
"09-04-2015",1.2e-05,1.4e-05,1e-05,1.2e-05,551,95533
"08-04-2015",1.2e-05,1.3e-05,1e-05,1.2e-05,301,95720
"07-04-2015",1.3e-05,1.5e-05,1e-05,1.2e-05,2473,98358
"06-04-2015",1.3e-05,1.5e-05,1.2e-05,1.3e-05,259,100294
"05-04-2015",1.3e-05,1.5e-05,1.2e-05,1.3e-05,1599,99405
"04-04-2015",1.3e-05,1.5e-05,1.3e-05,1.3e-05,268,98803
"03-04-2015",1.3e-05,1.4e-05,1.3e-05,1.3e-05,689,98191
"02-04-2015",1.2e-05,1.4e-05,1.2e-05,1.3e-05,324,95828
"01-04-2015",1.2e-05,1.5e-05,1.2e-05,1.2e-05,447,94782
"31-03-2015",1.2e-05,1.5e-05,1.2e-05,1.2e-05,1371,95532
"30-03-2015",1.2e-05,1.5e-05,1.2e-05,1.2e-05,764,93622
"29-03-2015",1.4e-05,1.5e-05,1.2e-05,1.2e-05,931,107262
"28-03-2015",1.2e-05,2.1e-05,1.2e-05,1.4e-05,1027,92606
"27-03-2015",1.2e-05,1.5e-05,1.2e-05,1.2e-05,395,95249
"26-03-2015",1.2e-05,1.5e-05,1e-05,1.2e-05,3128,93333
"25-03-2015",8e-06,1.2e-05,7e-06,1.2e-05,1421,59549
"24-03-2015",1.1e-05,1.3e-05,8e-06,8e-06,1584,81332
"23-03-2015",1.1e-05,1.3e-05,1e-05,1.1e-05,820,81112
"22-03-2015",1e-05,1.3e-05,1e-05,1.1e-05,1980,79679
"21-03-2015",1.1e-05,1.3e-05,1e-05,1e-05,413,80056
"20-03-2015",1.1e-05,1.3e-05,1e-05,1.1e-05,297,82478
"19-03-2015",1.3e-05,1.3e-05,1e-05,1.1e-05,590,95574
"18-03-2015",1.4e-05,1.6e-05,1e-05,1.3e-05,2048,107389
"17-03-2015",1.3e-05,1.7e-05,1.2e-05,1.4e-05,1221,95147
"16-03-2015",1.6e-05,1.6e-05,1.2e-05,1.3e-05,477,119581
"15-03-2015",1.2e-05,1.6e-05,1.2e-05,1.6e-05,551,86652
"14-03-2015",1.4e-05,1.8e-05,1.2e-05,1.2e-05,375,107841
"13-03-2015",1.5e-05,1.7e-05,1.4e-05,1.4e-05,657,108743
"12-03-2015",1.4e-05,1.7e-05,1e-05,1.5e-05,1545,107189
"11-03-2015",1.4e-05,1.7e-05,1.2e-05,1.4e-05,355,106143
"10-03-2015",1.4e-05,1.8e-05,1.2e-05,1.4e-05,945,107754
"09-03-2015",1.3e-05,1.7e-05,1.1e-05,1.4e-05,2855,97923
"08-03-2015",1.4e-05,1.6e-05,1.1e-05,1.3e-05,1520,102358
"07-03-2015",1.5e-05,1.6e-05,1.2e-05,1.4e-05,595,111944
"06-03-2015",1.1e-05,1.6e-05,1.1e-05,1.5e-05,1254,81818
"05-03-2015",1.4e-05,1.6e-05,1.1e-05,1.1e-05,866,101548
"04-03-2015",1.4e-05,1.7e-05,1.1e-05,1.4e-05,7940,103518
"03-03-2015",1.8e-05,1.9e-05,1.4e-05,1.7e-05,4413,130273
"02-03-2015",1.6e-05,2.1e-05,1.5e-05,1.8e-05,1614,116615
"01-03-2015",2e-05,2.3e-05,1.6e-05,1.6e-05,3149,148273
"28-02-2015",1.8e-05,2.3e-05,1.8e-05,2e-05,1914,129498
"27-02-2015",1.7e-05,2.1e-05,1.7e-05,1.8e-05,2377,126347
"26-02-2015",1.9e-05,2.1e-05,1.7e-05,1.8e-05,1127,135231
"25-02-2015",2.1e-05,2.4e-05,1.7e-05,1.9e-05,3734,154444
"24-02-2015",1.7e-05,2.1e-05,1.4e-05,2.1e-05,10937,120703
"23-02-2015",1.7e-05,1.9e-05,1.4e-05,1.7e-05,4476,121848
"22-02-2015",2.1e-05,2.5e-05,1.5e-05,1.7e-05,12178,153924
"21-02-2015",2.7e-05,2.9e-05,2.1e-05,2.1e-05,8971,176116
"20-02-2015",3.4e-05,3.4e-05,2.2e-05,2.7e-05,47352,219448
"19-02-2015",5e-06,4.4e-05,5e-06,3.4e-05,94939,30944
"18-02-2015",5e-06,5e-06,5e-06,5e-06,78,31889
"17-02-2015",5e-06,5e-06,5e-06,5e-06,51,30222
"16-02-2015",5e-06,5e-06,5e-06,5e-06,121,30766
"15-02-2015",5e-06,1.6e-05,5e-06,5e-06,202,33691
"14-02-2015",5e-06,5e-06,5e-06,5e-06,264,30819
"13-02-2015",5e-06,7e-06,5e-06,5e-06,97,32004
"12-02-2015",4e-06,5e-06,4e-06,5e-06,113,28499
"11-02-2015",4e-06,6e-06,4e-06,4e-06,88,28685
"10-02-2015",4e-06,4e-06,2e-06,4e-06,460,24715
"09-02-2015",4e-06,5e-06,3e-06,4e-06,233,28670
"08-02-2015",2e-06,6e-06,2e-06,4e-06,164,14915
"07-02-2015",3e-06,4e-06,2e-06,2e-06,232,17315
"06-02-2015",3e-06,3e-06,2e-06,3e-06,77,18567
"05-02-2015",2e-06,5e-06,2e-06,3e-06,45,15181
"04-02-2015",4e-06,5e-06,2e-06,2e-06,188,25188
"03-02-2015",3e-06,4e-06,2e-06,4e-06,57,18208
"02-02-2015",4e-06,5e-06,2e-06,3e-06,35,24994
"01-02-2015",4e-06,6e-06,4e-06,4e-06,8,29343
"31-01-2015",4e-06,5e-06,3e-06,4e-06,13,28240
"30-01-2015",5e-06,5e-06,4e-06,4e-06,3,29758
"29-01-2015",5e-06,5e-06,3e-06,5e-06,17,30775
"28-01-2015",6e-06,6e-06,4e-06,5e-06,41,36460
"27-01-2015",6e-06,6e-06,3e-06,6e-06,49,40866
"26-01-2015",5e-06,6e-06,3e-06,6e-06,47,33149
"25-01-2015",4e-06,8e-06,4e-06,5e-06,61,28198
"24-01-2015",4e-06,6e-06,4e-06,4e-06,27,28820
"23-01-2015",4e-06,5e-06,4e-06,4e-06,17,28402
"22-01-2015",5e-06,5e-06,4e-06,4e-06,8,30624
"21-01-2015",4e-06,6e-06,4e-06,5e-06,75,26935
"20-01-2015",6e-06,6e-06,4e-06,4e-06,120,36014
"19-01-2015",7e-06,7e-06,4e-06,6e-06,12,43497
"18-01-2015",6e-06,7e-06,5e-06,7e-06,19,39487
"17-01-2015",5e-06,6e-06,4e-06,6e-06,47,33038
"16-01-2015",6e-06,7e-06,5e-06,5e-06,69,41419
"15-01-2015",6e-06,9e-06,5e-06,7e-06,35,36759
"14-01-2015",9e-06,9e-06,4e-06,6e-06,151,54459
"13-01-2015",9e-06,1.2e-05,7e-06,9e-06,487,60113
"12-01-2015",8e-06,1.3e-05,8e-06,1e-05,1134,51058
"11-01-2015",5e-06,8e-06,5e-06,8e-06,496,34398
"10-01-2015",6e-06,8e-06,5e-06,5e-06,114,35376
"09-01-2015",5e-06,8e-06,5e-06,6e-06,507,33330
"08-01-2015",3e-06,6e-06,2e-06,5e-06,230,20564
"07-01-2015",3e-06,3e-06,3e-06,3e-06,8,17776
"06-01-2015",2e-06,6e-06,2e-06,3e-06,324,14739
"05-01-2015",3e-06,3e-06,2e-06,2e-06,5,16903
"04-01-2015",3e-06,3e-06,3e-06,3e-06,6,17322
"03-01-2015",3e-06,3e-06,3e-06,3e-06,40,20018
"02-01-2015",4e-06,4e-06,3e-06,3e-06,23,22051
"01-01-2015",3e-06,4e-06,3e-06,4e-06,4,19336
"31-12-2014",3e-06,4e-06,3e-06,3e-06,196,18670
"30-12-2014",3e-06,3e-06,3e-06,3e-06,43,18725
"29-12-2014",5e-06,6e-06,3e-06,3e-06,96,32530
"28-12-2014",3e-06,5e-06,3e-06,5e-06,19,18687
"27-12-2014",4e-06,5e-06,3e-06,3e-06,116,22585
"26-12-2014",6e-06,6e-06,3e-06,4e-06,51,37267
"25-12-2014",3e-06,6e-06,3e-06,6e-06,51,18536
"24-12-2014",3e-06,3e-06,3e-06,3e-06,19,19189
"23-12-2014",3e-06,3e-06,3e-06,3e-06,35,19006
"22-12-2014",3e-06,3e-06,3e-06,3e-06,45,18695
"21-12-2014",3e-06,3e-06,3e-06,3e-06,7,18425
"20-12-2014",3e-06,6e-06,3e-06,3e-06,62,18017
"19-12-2014",3e-06,3e-06,3e-06,3e-06,197,17720
"18-12-2014",3e-06,3e-06,3e-06,3e-06,12,15878
"17-12-2014",3e-06,3e-06,2e-06,3e-06,80,11243
"16-12-2014",6e-06,6e-06,3e-06,3e-06,268,21813
"15-12-2014",4e-06,6e-06,3e-06,6e-06,114,13288
"14-12-2014",4e-06,4e-06,4e-06,4e-06,408,13585
"13-12-2014",4e-06,4e-06,3e-06,4e-06,119,13093
"12-12-2014",4e-06,4e-06,4e-06,4e-06,208,13203
"11-12-2014",6e-06,6e-06,4e-06,4e-06,63,22219
"10-12-2014",5e-06,6e-06,4e-06,6e-06,86,19998
"09-12-2014",4e-06,7e-06,4e-06,5e-06,39,13649
"08-12-2014",6e-06,7e-06,4e-06,4e-06,54,21186
"07-12-2014",4e-06,7e-06,4e-06,7e-06,98,13909
"06-12-2014",5e-06,6e-06,4e-06,4e-06,48,16933
"05-12-2014",5e-06,7e-06,4e-06,5e-06,22,17331
"04-12-2014",5e-06,6e-06,4e-06,5e-06,377,17764
"03-12-2014",4e-06,6e-06,4e-06,5e-06,46,16538
"02-12-2014",6e-06,6e-06,4e-06,4e-06,131,20423
"01-12-2014",4e-06,6e-06,4e-06,6e-06,119,14043
"30-11-2014",4e-06,4e-06,4e-06,4e-06,59,13562
"29-11-2014",4e-06,6e-06,4e-06,4e-06,75,13954
"28-11-2014",4e-06,4e-06,4e-06,4e-06,9,13703
"27-11-2014",3e-06,4e-06,3e-06,4e-06,134,10050
"26-11-2014",3e-06,4e-06,3e-06,3e-06,16,10796
"25-11-2014",4e-06,4e-06,3e-06,3e-06,22,13889
"24-11-2014",4e-06,4e-06,4e-06,4e-06,143,13125
"23-11-2014",4e-06,5e-06,4e-06,4e-06,66,13396
"22-11-2014",4e-06,4e-06,4e-06,4e-06,37,13210
"21-11-2014",4e-06,4e-06,3e-06,4e-06,87,13303
"20-11-2014",4e-06,8e-06,4e-06,4e-06,366,14183
"19-11-2014",4e-06,7e-06,4e-06,4e-06,492,13905
"18-11-2014",4e-06,4e-06,4e-06,4e-06,174,14399
"17-11-2014",5e-06,8e-06,4e-06,4e-06,235,19468
"16-11-2014",4e-06,6e-06,4e-06,5e-06,160,14941
"15-11-2014",4e-06,4e-06,4e-06,4e-06,171,14638
"14-11-2014",4e-06,4e-06,4e-06,4e-06,101,15645
"13-11-2014",4e-06,5e-06,4e-06,4e-06,214,16056
"12-11-2014",4e-06,4e-06,4e-06,4e-06,102,14467
"11-11-2014",4e-06,4e-06,4e-06,4e-06,134,14845
"10-11-2014",6e-06,6e-06,4e-06,4e-06,147,21373
"09-11-2014",4e-06,6e-06,4e-06,6e-06,538,15560
"08-11-2014",4e-06,7e-06,3e-06,4e-06,1707,14844
"07-11-2014",4e-06,7e-06,4e-06,4e-06,101,13586
"06-11-2014",4e-06,7e-06,4e-06,4e-06,203,14112
"05-11-2014",5e-06,7e-06,3e-06,4e-06,1592,17533
"04-11-2014",4e-06,7e-06,3e-06,5e-06,551,14550
"03-11-2014",5e-06,7e-06,3e-06,4e-06,286,18086
"02-11-2014",4e-06,6e-06,3e-06,5e-06,295,15363
"01-11-2014",7e-06,7e-06,4e-06,4e-06,269,25137
"31-10-2014",7e-06,7e-06,3e-06,7e-06,1444,25912
"30-10-2014",7e-06,1.1e-05,4e-06,7e-06,1116,26243
"29-10-2014",4e-06,1.1e-05,4e-06,7e-06,1221,15542
"28-10-2014",1e-05,1.1e-05,4e-06,4e-06,2185,37687
"27-10-2014",1.1e-05,1.7e-05,7e-06,1e-05,2857,40807
"26-10-2014",7e-06,1.3e-05,7e-06,1.1e-05,2234,24407
"25-10-2014",7e-06,1e-05,7e-06,7e-06,707,24519
